vertex_id,pagerank,betweenness,closeness,eigenvector,katz,hits_authority,hits_hub,eigentrust,trust_transitivity
0,1.0,0.7613306825807079,NaN,1.0,1.0,NaN,NaN,0.7612466433404954,0.9510394918597553
1,0.0,0.3221498580644663,0.0,0.0,0.0,NaN,NaN,0.32191117631214816,0.30886249768486757
2,0.0,0.571800173378513,0.0,0.0,0.0,NaN,NaN,0.5716493974493844,0.9636600074608394
3,0.0,0.3629800088909002,0.0,0.0,0.0,NaN,NaN,0.3627557040802448,0.505510963064186
4,0.0,0.5246121448950264,0.0,0.0,0.0,NaN,NaN,0.524444753314989,0.4936174065213743
5,0.0,0.7047565236271643,0.0,0.0,0.0,NaN,NaN,0.7046525637311025,0.0045881314154489535
6,0.0,0.8600548956721887,0.0,0.0,0.0,NaN,NaN,0.860005618788313,0.03369389325399935
7,0.0,0.422650669554741,0.0,0.0,0.0,NaN,NaN,0.4224473757271453,0.41738661976094943
8,0.0,0.6832151580592463,0.0,0.0,0.0,NaN,NaN,0.683103613107782,0.277758183242484
9,0.0,0.10461295895648244,0.0,0.0,0.0,NaN,NaN,0.1042976790225593,0.8674182909672075
10,0.0,0.725241517852915,0.0,0.0,0.0,NaN,NaN,0.7251447710472039,0.012739363122421283
11,0.0,0.5252819234362078,0.0,0.0,0.0,NaN,NaN,0.5251147676957845,0.9248332972722672
12,0.0,0.9658285123274127,0.0,0.0,0.0,NaN,NaN,0.9658164800063251,0.4831522893949981
13,0.0,0.3617740739760442,0.0,0.0,0.0,NaN,NaN,0.3615493445366385,0.0898495770874778
14,0.0,0.8800643913714039,0.0,0.0,0.0,NaN,NaN,0.8800221601473297,0.007494329495199247
15,0.0,0.36312142169339234,0.0,0.0,0.0,NaN,NaN,0.3628971666764206,0.5458437964855071
16,0.0,0.3590496828270593,0.0,0.0,0.0,NaN,NaN,0.35882399408645527,0.23924750781430343
17,0.0,0.9934421175743808,0.0,0.0,0.0,NaN,NaN,0.9934398084402936,0.06485899244489633
18,0.0,0.7063296561121455,0.0,0.0,0.0,NaN,NaN,0.706226250140904,0.1701022897465821
19,0.0,0.5997796197053993,0.0,0.0,0.0,NaN,NaN,0.5996386957816994,0.32799212209543593
20,0.0,0.6477056358332093,0.0,0.0,0.0,NaN,NaN,0.6475815874175359,0.10306901330026146
21,0.0,0.3394097469630238,0.0,0.0,0.0,NaN,NaN,0.3391771426904792,0.41139826000050334
22,0.0,0.6499931393561994,0.0,0.0,0.0,NaN,NaN,0.6498698964066837,0.23134119139859607
23,0.0,0.8825184140354755,0.0,0.0,0.0,NaN,NaN,0.8824770469115812,0.871412639646401
24,0.0,0.29843719149909625,0.0,0.0,0.0,NaN,NaN,0.2981901601419646,0.7190834311382801
25,0.0,0.6974762659285167,0.0,0.0,0.0,NaN,NaN,0.6973697425386126,0.5762226519528825
26,0.0,0.40401329610359243,0.0,0.0,0.0,NaN,NaN,0.4038034397621331,0.9803080846781407
27,0.0,0.06557565087961022,0.0,0.0,0.0,NaN,NaN,0.06524662529230274,0.09234838548479449
28,0.0,0.8403359123095799,0.0,0.0,0.0,NaN,NaN,0.8402796920598896,0.4890329026627074
29,0.0,0.38715612742080263,0.0,0.0,0.0,NaN,NaN,0.386940335403725,0.2747357401625753
30,0.0,0.1154085624129908,0.0,0.0,0.0,NaN,NaN,0.11509708378173167,0.7023868180451063
31,0.0,0.9550273330724333,0.0,0.0,0.0,NaN,NaN,0.9550114974853549,0.9048637478025565
32,0.0,0.02632086394643522,0.0,0.0,0.0,NaN,NaN,0.025978016127999593,0.20277702381250676
33,0.0,0.274116810744702,0.0,0.0,0.0,NaN,NaN,0.27386121579698247,0.7131698843857422
34,0.0,0.17148409915169488,0.0,0.0,0.0,NaN,NaN,0.1711923656035197,0.7212401885808234
35,0.0,0.5919885483376112,0.0,0.0,0.0,NaN,NaN,0.5918448810544997,0.7396400452611188
36,0.0,0.8727128574305334,0.0,0.0,0.0,NaN,NaN,0.8726680376151251,0.9868173386030628
37,0.0,0.8077643793213347,0.0,0.0,0.0,NaN,NaN,0.8076966901198978,0.39659736604218854
38,0.0,0.9403567455202516,0.0,0.0,0.0,NaN,NaN,0.9403357441873426,0.22092991145448818
39,0.0,0.9676952302674272,0.0,0.0,0.0,NaN,NaN,0.9676838552472405,0.39243544863324653
40,0.0,0.24316992012953925,0.0,0.0,0.0,NaN,NaN,0.24290342829233946,0.06792526562216436
41,0.0,0.9452854895292674,0.0,0.0,0.0,NaN,NaN,0.9452662236850513,0.44391755629779245
42,0.0,0.6567056559880221,0.0,0.0,0.0,NaN,NaN,0.6565847766217426,0.004590220226795676
43,0.0,0.25145003822735257,0.0,0.0,0.0,NaN,NaN,0.25118646195065014,0.6618321229911155
44,0.0,0.9284474015439141,0.0,0.0,0.0,NaN,NaN,0.928422206742695,0.6300037865324449
45,0.0,0.26358546821486856,0.0,0.0,0.0,NaN,NaN,0.26332616501493544,0.5348238838797671
46,0.0,0.9264768677344842,0.0,0.0,0.0,NaN,NaN,0.9264509790771551,0.5294981682854752
47,0.0,0.2741369137100306,0.0,0.0,0.0,NaN,NaN,0.273881325840883,0.7300081224376846
48,0.0,0.6881834288723659,0.0,0.0,0.0,NaN,NaN,0.6880736333276073,0.24616282119153035
49,0.0,0.5292852177007417,0.0,0.0,0.0,NaN,NaN,0.529119471583524,0.9534199831149656
50,0.0,0.9918070382736495,0.0,0.0,0.0,NaN,NaN,0.9918041534022886,0.16768647211908025
51,0.0,0.6878546043926513,0.0,0.0,0.0,NaN,NaN,0.6877446930635944,0.09163044804708614
52,0.0,0.7155967098105865,0.0,0.0,0.0,NaN,NaN,0.7154965669154717,0.6567806072931237
53,0.0,0.8337018039429042,0.0,0.0,0.0,NaN,NaN,0.8336432477187674,0.7192490675261564
54,0.0,0.2542202272572511,0.0,0.0,0.0,NaN,NaN,0.253957626407905,0.5626502715663179
55,0.0,0.16666214320530093,0.0,0.0,0.0,NaN,NaN,0.1663687117701981,0.9256794200045464
56,0.0,0.011196159720479978,0.0,0.0,0.0,NaN,NaN,0.010847986254552954,0.9021242301577813
57,0.0,0.18176668138088153,0.0,0.0,0.0,NaN,NaN,0.18147856849248492,0.6063336011744032
58,0.0,0.7985652128732059,0.0,0.0,0.0,NaN,NaN,0.7984942844998165,0.054211322955607225
59,0.0,0.9677770299263472,0.0,0.0,0.0,NaN,NaN,0.9677656837091138,0.6103935089803371
60,0.0,0.030248901880247574,0.0,0.0,0.0,NaN,NaN,0.029907437186073808,0.10183813058783096
61,0.0,0.6787556029520089,0.0,0.0,0.0,NaN,NaN,0.6786424877206824,0.011987823347189742
62,0.0,0.6513316726023729,0.0,0.0,0.0,NaN,NaN,0.6512089009715764,0.7572283780976017
63,0.0,0.0034410249294630777,0.0,0.0,0.0,NaN,NaN,0.003090120757961369,0.41789491082574676
64,0.0,0.2623347154644852,0.0,0.0,0.0,NaN,NaN,0.26207497185473333,0.03467436005157634
65,0.0,0.7222367341454146,0.0,0.0,0.0,NaN,NaN,0.7221389293078521,0.06806304922955916
66,0.0,0.5890462683753109,0.0,0.0,0.0,NaN,NaN,0.588901565068905,0.42369595082645156
67,0.0,0.3909528462382684,0.0,0.0,0.0,NaN,NaN,0.3907383911059155,0.38304020965597957
68,0.0,0.937455728371424,0.0,0.0,0.0,NaN,NaN,0.9374337055445096,0.4270528794068675
69,0.0,0.8026150090278539,0.0,0.0,0.0,NaN,NaN,0.8025455066517211,0.42786013912358123
70,0.0,0.005305259503208774,0.0,0.0,0.0,NaN,NaN,0.0049550117581754925,0.6393127643440973
71,0.0,0.5941244370256278,0.0,0.0,0.0,NaN,NaN,0.5939815218226934,0.27541036273681757
72,0.0,0.9596497231509129,0.0,0.0,0.0,NaN,NaN,0.9596355151804649,0.6435348113846829
73,0.0,0.48120202014588637,0.0,0.0,0.0,NaN,NaN,0.4810193431745766,0.21207521003428206
74,0.0,0.4616945997415088,0.0,0.0,0.0,NaN,NaN,0.461505053899047,0.1302784323295142
75,0.0,0.7034178467294406,0.0,0.0,0.0,NaN,NaN,0.7033134154640776,0.2742062224055657
76,0.0,0.4654806684011471,0.0,0.0,0.0,NaN,NaN,0.4652924556933211,0.31986954840210136
77,0.0,0.6602379083531734,0.0,0.0,0.0,NaN,NaN,0.6601182727487993,0.2550313847807542
78,0.0,0.8689767036330844,0.0,0.0,0.0,NaN,NaN,0.8689305682588525,0.06353938084098423
79,0.0,0.5843348067442994,0.0,0.0,0.0,NaN,NaN,0.5841884444577613,0.7815333033571817
80,0.0,0.5490605424516388,0.0,0.0,0.0,NaN,NaN,0.5489017595389295,0.4301191051174671
81,0.0,0.9638573215780715,0.0,0.0,0.0,NaN,NaN,0.963844595169555,0.7723260161299665
82,0.0,0.24874498799516842,0.0,0.0,0.0,NaN,NaN,0.24848045922751033,0.48324495265246825
83,0.0,0.40512841636665425,0.0,0.0,0.0,NaN,NaN,0.4049189526766705,0.8706897578327557
84,0.0,0.6133347574625554,0.0,0.0,0.0,NaN,NaN,0.6131986065171772,0.008192176598810802
85,0.0,0.4493375979050321,0.0,0.0,0.0,NaN,NaN,0.44914370096684986,0.6250170154009524
86,0.0,0.0714520692658291,0.0,0.0,0.0,NaN,NaN,0.0711251128583462,0.8937998302387825
87,0.0,0.27152715494559804,0.0,0.0,0.0,NaN,NaN,0.27127064813912716,0.13450622891489933
88,0.0,0.6986830389889046,0.0,0.0,0.0,NaN,NaN,0.6985769405228751,0.12820234166987463
89,0.0,0.29986231593559615,0.0,0.0,0.0,NaN,NaN,0.2996157863873109,0.9532462130196717
90,0.0,0.898559936843637,0.0,0.0,0.0,NaN,NaN,0.8985242181935527,0.1729488448179758
91,0.0,0.4796059493632914,0.0,0.0,0.0,NaN,NaN,0.47942271039022394,0.5218881976889926
92,0.0,0.45258031809518423,0.0,0.0,0.0,NaN,NaN,0.4523875629700509,0.5739484861083203
93,0.0,0.7314875486599302,0.0,0.0,0.0,NaN,NaN,0.7313930011804208,0.5759206385760784
94,0.0,0.948948066699353,0.0,0.0,0.0,NaN,NaN,0.9489300905064668,0.566618399480372
95,0.0,0.8322620367071779,0.0,0.0,0.0,NaN,NaN,0.8322029735182337,0.13826352169380213
96,0.0,0.21983934400084273,0.0,0.0,0.0,NaN,NaN,0.2195646370989133,0.02357127500093514
97,0.0,0.6615549497517108,0.0,0.0,0.0,NaN,NaN,0.6614357778984367,0.31323841984647516
98,0.0,0.882445353242718,0.0,0.0,0.0,NaN,NaN,0.8824039603929635,0.3326072696032131
99,0.0,0.45556513118966235,0.0,0.0,0.0,NaN,NaN,0.4553734270644118,0.8270988689501849
100,0.0,0.9456452087131875,0.0,0.0,0.0,NaN,NaN,0.9456260695317834,0.3530413599476784
101,0.0,0.3198087067616091,0.0,0.0,0.0,NaN,NaN,0.31956920065290184,0.6414613679443664
102,0.0,0.02535990484332972,0.0,0.0,0.0,NaN,NaN,0.025016718656000376,0.6008466429336828
103,0.0,0.2611422276508446,0.0,0.0,0.0,NaN,NaN,0.2608820641472794,0.535065172928696
104,0.0,0.5778448814738127,0.0,0.0,0.0,NaN,NaN,0.5776962339819761,0.7809426235634594
105,0.0,0.5710256164657798,0.0,0.0,0.0,NaN,NaN,0.5708745678029159,0.7474596130168913
106,0.0,0.12431929379167524,0.0,0.0,0.0,NaN,NaN,0.1240109527698202,0.9975052300352274
107,0.0,0.5846657136644535,0.0,0.0,0.0,NaN,NaN,0.5845194678954738,0.6842888337183146
108,0.0,0.7565821219693996,0.0,0.0,0.0,NaN,NaN,0.7564964106859174,0.5658043257589236
109,0.0,0.05793594799264682,0.0,0.0,0.0,NaN,NaN,0.05760423234516315,0.4992690573918607
110,0.0,0.6200109232037574,0.0,0.0,0.0,NaN,NaN,0.619877123041892,0.27043510012263955
111,0.0,0.19965968391495006,0.0,0.0,0.0,NaN,NaN,0.19937787143564814,0.15987133704171713
112,0.0,0.5429646431576658,0.0,0.0,0.0,NaN,NaN,0.542803713782434,0.49422688736931125
113,0.0,0.10199373141926613,0.0,0.0,0.0,NaN,NaN,0.1016775292139151,0.7047963280253751
114,0.0,0.9716451696790497,0.0,0.0,0.0,NaN,NaN,0.9716351854949815,0.431853239896313
115,0.0,0.9980376200754784,0.0,0.0,0.0,NaN,NaN,0.9980369290904801,0.7013723495432574
116,0.0,0.8143702633748452,0.0,0.0,0.0,NaN,NaN,0.8143049002096276,0.4830520760551445
117,0.0,0.6295835220267677,0.0,0.0,0.0,NaN,NaN,0.6294530925282983,0.4109403679874421
118,0.0,0.5056253438968418,0.0,0.0,0.0,NaN,NaN,0.5054512667639767,0.21879938617845252
119,0.0,0.5614784548212925,0.0,0.0,0.0,NaN,NaN,0.5613240444518655,0.19873569532988142
120,0.0,0.8197231585455745,0.0,0.0,0.0,NaN,NaN,0.8196596802193801,0.5367694539647627
121,0.0,0.6559421847513669,0.0,0.0,0.0,NaN,NaN,0.655821036554794,0.9285724671498646
122,0.0,0.5083322795550729,0.0,0.0,0.0,NaN,NaN,0.5081591555770518,0.9455944890148067
123,0.0,0.6260826964020151,0.0,0.0,0.0,NaN,NaN,0.6259510342074923,0.6496446786719576
124,0.0,0.4497930720958249,0.0,0.0,0.0,NaN,NaN,0.44959933553730663,0.5827581706797281
125,0.0,0.216854054192051,0.0,0.0,0.0,NaN,NaN,0.21657829612238014,0.9852429496180412
126,0.0,0.7357929084505604,0.0,0.0,0.0,NaN,NaN,0.7356998769563045,0.5289110785327589
127,0.0,0.2873931204738069,0.0,0.0,0.0,NaN,NaN,0.2871422003246518,0.14999422028113835
128,0.0,0.5726748648600017,0.0,0.0,0.0,NaN,NaN,0.5725243969235734,0.2097240980347315
129,0.0,0.21927003308987125,0.0,0.0,0.0,NaN,NaN,0.21899512572456883,0.37256558356010533
130,0.0,0.8106602673523462,0.0,0.0,0.0,NaN,NaN,0.8105935978388712,0.8532497648651961
131,0.0,0.559566968232009,0.0,0.0,0.0,NaN,NaN,0.5594118847979317,0.1920707367485078
132,0.0,0.5680865544240149,0.0,0.0,0.0,NaN,NaN,0.5679344708709372,0.6292127779882136
133,0.0,0.4314706142874761,0.0,0.0,0.0,NaN,NaN,0.43127042610187105,0.9671745859945092
134,0.0,0.8324393187840814,0.0,0.0,0.0,NaN,NaN,0.8323803180189594,0.9851735957172635
135,0.0,0.34770734320088825,0.0,0.0,0.0,NaN,NaN,0.3474776606431706,0.4436150254481811
136,0.0,0.18648581414506632,0.0,0.0,0.0,NaN,NaN,0.18619936293792919,0.5468709899104103
137,0.0,0.42521036261492984,0.0,0.0,0.0,NaN,NaN,0.4250079700957314,0.5061964657315249
138,0.0,0.3558808572841997,0.0,0.0,0.0,NaN,NaN,0.35565405275002043,0.4594018851544274
139,0.0,0.6620085577750591,0.0,0.0,0.0,NaN,NaN,0.6618895456443419,0.3393541522208488
140,0.0,0.5545952847686106,0.0,0.0,0.0,NaN,NaN,0.5544384507261797,0.46193960732243283
141,0.0,0.4672980995792188,0.0,0.0,0.0,NaN,NaN,0.46711052681764564,0.8406014802086419
142,0.0,0.47370326248012845,0.0,0.0,0.0,NaN,NaN,0.47351794507768336,0.522466625290837
143,0.0,0.1609265605117704,0.0,0.0,0.0,NaN,NaN,0.16063110948731713,0.7182437946217256
144,0.0,0.3680096376893987,0.0,0.0,0.0,NaN,NaN,0.3677871038905657,0.1708233199978993
145,0.0,0.3729676941837911,0.0,0.0,0.0,NaN,NaN,0.3727469061950405,0.9352668166808713
146,0.0,0.3604686931637155,0.0,0.0,0.0,NaN,NaN,0.3602435040790867,0.03743794944578431
147,0.0,0.38310909611336413,0.0,0.0,0.0,NaN,NaN,0.38289187907257644,0.5879157888006713
148,0.0,0.7646546505257,0.0,0.0,0.0,NaN,NaN,0.7645717817071555,0.05717099046974739
149,0.0,0.4162956351533566,0.0,0.0,0.0,NaN,NaN,0.4160901036176701,0.8705970322969206
150,0.0,0.11927148373555911,0.0,0.0,0.0,NaN,NaN,0.11896136529997348,0.2172830179337294
151,0.0,0.57367266751121,0.0,0.0,0.0,NaN,NaN,0.5735225509168712,0.35644708536880176
152,0.0,0.5834517149836158,0.0,0.0,0.0,NaN,NaN,0.5833050417465064,0.589815759527525
153,0.0,0.33873812332022524,0.0,0.0,0.0,NaN,NaN,0.33850528255837714,0.7770376067584506
154,0.0,0.585992135993435,0.0,0.0,0.0,NaN,NaN,0.5858463572787292,0.3835709855736477
155,0.0,0.9636656970419742,0.0,0.0,0.0,NaN,NaN,0.9636529031594289,0.6623679740753258
156,0.0,0.953997901885514,0.0,0.0,0.0,NaN,NaN,0.9539817038194387,0.5132873331388987
157,0.0,0.22748977073900542,0.0,0.0,0.0,NaN,NaN,0.22721775767328975,0.9283951320358662
158,0.0,0.49850159471171207,0.0,0.0,0.0,NaN,NaN,0.4983250091941268,0.30428275194534093
159,0.0,0.441249927177665,0.0,0.0,0.0,NaN,NaN,0.44105318244274716,0.39770438324281265
160,0.0,0.727822331875141,0.0,0.0,0.0,NaN,NaN,0.7277264938148519,0.2859141718580027
161,0.0,0.8797150408053918,0.0,0.0,0.0,NaN,NaN,0.8796726865694597,0.0
162,0.0,0.7801377824490487,0.0,0.0,0.0,NaN,NaN,0.780060365486055,0.8783994317857272
163,0.0,0.6174757933912631,0.0,0.0,0.0,NaN,NaN,0.6173411005701084,0.2924253660474631
164,0.0,0.21974387683004082,0.0,0.0,0.0,NaN,NaN,0.21946913631261117,0.028719556443854415
165,0.0,0.10808963176152905,0.0,0.0,0.0,NaN,NaN,0.10777557601906951,0.9671679475539009
166,0.0,0.6365016489371775,0.0,0.0,0.0,NaN,NaN,0.6363736554205742,0.8635195572029452
167,0.0,0.12112921633540176,0.0,0.0,0.0,NaN,NaN,0.12081975203683673,0.49004592112322204
168,0.0,0.13403790986488626,0.0,0.0,0.0,NaN,NaN,0.13373299092140953,0.6304568277585952
169,0.0,0.1447805980166797,0.0,0.0,0.0,NaN,NaN,0.14447946174355156,0.8124316917887573
170,0.0,0.760426960913096,0.0,0.0,0.0,NaN,NaN,0.7603426034581959,0.19781910894090213
171,0.0,0.4888184264256606,0.0,0.0,0.0,NaN,NaN,0.4886384313114233,0.5051458510589663
172,0.0,0.7203739737233885,0.0,0.0,0.0,NaN,NaN,0.7202755129784296,0.2549526825785968
173,0.0,0.2654997911814108,0.0,0.0,0.0,NaN,NaN,0.2652411620448612,0.7861714659537629
174,0.0,0.5126389621161068,0.0,0.0,0.0,NaN,NaN,0.5124673545891075,0.1580645900215072
175,0.0,0.5594513714075017,0.0,0.0,0.0,NaN,NaN,0.5592962472699547,0.2080347449454035
176,0.0,0.9935837546312298,0.0,0.0,0.0,NaN,NaN,0.9935814953697896,0.4854886153432401
177,0.0,0.41314041550268354,0.0,0.0,0.0,NaN,NaN,0.4129337729642716,0.28759767023938615
178,0.0,0.9927178378746961,0.0,0.0,0.0,NaN,NaN,0.9927152737102751,0.9709185265405368
179,0.0,0.3018674693182135,0.0,0.0,0.0,NaN,NaN,0.3016216458161374,0.5651264875007301
180,0.0,0.48731948376004175,0.0,0.0,0.0,NaN,NaN,0.48713896084439245,0.47392384664004694
181,0.0,0.45630195886392677,0.0,0.0,0.0,NaN,NaN,0.45611051418735016,0.4962235463366529
182,0.0,0.3501902477548406,0.0,0.0,0.0,NaN,NaN,0.34996143946707303,0.57704867836021
183,0.0,0.640024735600145,0.0,0.0,0.0,NaN,NaN,0.6398979826180584,0.1289280904055189
184,0.0,0.4286955627419923,0.0,0.0,0.0,NaN,NaN,0.42849439741686235,0.11475348918256409
185,0.0,0.5753445260698414,0.0,0.0,0.0,NaN,NaN,0.5751949981633344,0.3694537303541604
186,0.0,0.06047961464672631,0.0,0.0,0.0,NaN,NaN,0.060148794664488914,0.613229182501611
187,0.0,0.1071977556831228,0.0,0.0,0.0,NaN,NaN,0.10688338589699478,0.06507141949397975
188,0.0,0.30089344715717736,0.0,0.0,0.0,NaN,NaN,0.30064728068649826,0.3563670757834829
189,0.0,0.613236438246743,0.0,0.0,0.0,NaN,NaN,0.6131002526816144,0.3228698451681574
190,0.0,0.20178525050846816,0.0,0.0,0.0,NaN,NaN,0.20150418647477067,0.5917807824789335
191,0.0,0.6340419845130996,0.0,0.0,0.0,NaN,NaN,0.6339131249097634,0.9447988320097891
192,0.0,0.44137427449878885,0.0,0.0,0.0,NaN,NaN,0.4411775735485289,0.613022460607698
193,0.0,0.16765983712105997,0.0,0.0,0.0,NaN,NaN,0.16736675698975922,0.5452168620185943
194,0.0,0.3610445376616732,0.0,0.0,0.0,NaN,NaN,0.3608195513409967,0.3998890003388622
195,0.0,0.4742619625243937,0.0,0.0,0.0,NaN,NaN,0.4740768418490677,0.667761647701526
196,0.0,0.1971943888387279,0.0,0.0,0.0,NaN,NaN,0.1969117082900514,0.38502846522497725
197,0.0,0.49442756418197376,0.0,0.0,0.0,NaN,NaN,0.4942495441338253,0.8381986263342281
198,0.0,0.6701296895398013,0.0,0.0,0.0,NaN,NaN,0.6700135369879798,0.11580961027825303
199,0.0,0.9463235574341042,0.0,0.0,0.0,NaN,NaN,0.9463046571100101,0.15115594812989083
200,0.0,0.7808733968103474,0.0,0.0,0.0,NaN,NaN,0.7807962388688008,0.9835878616998562
201,0.0,0.4392620008116602,0.0,0.0,0.0,NaN,NaN,0.4390645560964383,0.41018271857046645
202,0.0,0.10819317797531221,0.0,0.0,0.0,NaN,NaN,0.10787915869311168,0.7018099720242196
203,0.0,0.8946542745357062,0.0,0.0,0.0,NaN,NaN,0.8946171806401717,0.6556201300423866
204,0.0,0.517511093682404,0.0,0.0,0.0,NaN,NaN,0.5173412017099615,0.9505261310996937
205,0.0,0.5141852518770295,0.0,0.0,0.0,NaN,NaN,0.514014188823103,0.3258325710941499
206,0.0,0.9916116370175687,0.0,0.0,0.0,NaN,NaN,0.991608683342336,0.4632748791440075
207,0.0,0.002615318231716703,0.0,0.0,0.0,NaN,NaN,0.002264123315831647,0.20434979442834986
208,0.0,0.06091619614927445,0.0,0.0,0.0,NaN,NaN,0.0605855298942868,0.0042614118148557815
209,0.0,0.2095068578603766,0.0,0.0,0.0,NaN,NaN,0.20922851272671242,0.024803258350525575
210,0.0,0.21369166016165983,0.0,0.0,0.0,NaN,NaN,0.21341478856305093,0.010681435128281003
211,0.0,0.591839002250466,0.0,0.0,0.0,NaN,NaN,0.5916952823098128,0.3921999823003933
212,0.0,0.8734087657196088,0.0,0.0,0.0,NaN,NaN,0.8733641909445119,0.9418863597541844
213,0.0,0.31209674761906325,0.0,0.0,0.0,NaN,NaN,0.31185452600760977,0.6110784056649915
214,0.0,0.23553564574822056,0.0,0.0,0.0,NaN,NaN,0.23526646576230725,0.8210783332591053
215,0.0,0.778432749611098,0.0,0.0,0.0,NaN,NaN,0.7783547322790839,0.062473352471029926
216,0.0,0.668872616186938,0.0,0.0,0.0,NaN,NaN,0.6687560209997138,0.45906139954426656
217,0.0,0.8211371431001045,0.0,0.0,0.0,NaN,NaN,0.8210741626602279,0.11654776746679356
218,0.0,0.008752982097100055,0.0,0.0,0.0,NaN,NaN,0.008403948349703282,0.31588099607018133
219,0.0,0.4167883768467467,0.0,0.0,0.0,NaN,NaN,0.41658301881320103,0.510020240822413
220,0.0,0.9654516782263707,0.0,0.0,0.0,NaN,NaN,0.9654395132160382,0.8282043340539057
221,0.0,0.029566900168078423,0.0,0.0,0.0,NaN,NaN,0.02922519533031882,0.6108500991868359
222,0.0,0.8579993167784724,0.0,0.0,0.0,NaN,NaN,0.8579493160927679,0.2264928232644902
223,0.0,0.12039450702705772,0.0,0.0,0.0,NaN,NaN,0.1200847840257289,0.12031821776328308
224,0.0,0.7174364088825258,0.0,0.0,0.0,NaN,NaN,0.7173369137745412,0.3259186584722192
225,0.0,0.04370444959373194,0.0,0.0,0.0,NaN,NaN,0.043367722810650856,0.14205193112368739
226,0.0,0.07305580349366651,0.0,0.0,0.0,NaN,NaN,0.07272941178636154,0.2248329443008956
227,0.0,0.9018581638486586,0.0,0.0,0.0,NaN,NaN,0.9018236065564502,0.34510458578100184
228,0.0,0.4204486556893244,0.0,0.0,0.0,NaN,NaN,0.42024458649783114,0.6898392581996344
229,0.0,0.8576017160257356,0.0,0.0,0.0,NaN,NaN,0.8575515753385197,0.3708038151138122
230,0.0,0.04529485331587322,0.0,0.0,0.0,NaN,NaN,0.04495868653908824,0.4075252479281005
231,0.0,0.9811706511991471,0.0,0.0,0.0,NaN,NaN,0.9811640210877276,0.8525680878707577
232,0.0,0.1890013813630014,0.0,0.0,0.0,NaN,NaN,0.1887158159268548,0.8867760638896809
233,0.0,0.7018756035608328,0.0,0.0,0.0,NaN,NaN,0.701770629247266,0.32697327991644326
234,0.0,0.0193124155330565,0.0,0.0,0.0,NaN,NaN,0.01896709992912546,0.28063077813068044
235,0.0,0.6059336502825886,0.0,0.0,0.0,NaN,NaN,0.605794893290355,0.8587620303200065
236,0.0,0.8080212901031216,0.0,0.0,0.0,NaN,NaN,0.8079536913640328,0.7552217281024209
237,0.0,0.7812147797792529,0.0,0.0,0.0,NaN,NaN,0.7811377420440472,0.08433152931196046
238,0.0,0.9640552907380182,0.0,0.0,0.0,NaN,NaN,0.964042634037573,0.11370248926378097
239,0.0,0.5311094873657976,0.0,0.0,0.0,NaN,NaN,0.5309443836027721,0.46131484957739055
240,0.0,0.3811237941766108,0.0,0.0,0.0,NaN,NaN,0.380905878079622,0.9962298908068623
241,0.0,0.5156759255316657,0.0,0.0,0.0,NaN,NaN,0.5155053873675018,0.40281210994011085
242,0.0,0.460697651828697,0.0,0.0,0.0,NaN,NaN,0.4605077549451126,0.9518019143829941
243,0.0,0.3977606091205434,0.0,0.0,0.0,NaN,NaN,0.39754855110913745,0.7476180310387229
244,0.0,0.6512298292275642,0.0,0.0,0.0,NaN,NaN,0.6511070217361052,0.5103951142129834
245,0.0,0.5022684772552867,0.0,0.0,0.0,NaN,NaN,0.5020932181166023,0.10094677845050438
246,0.0,0.7057638796222864,0.0,0.0,0.0,NaN,NaN,0.7056602744321975,0.5299005516026963
247,0.0,0.520816281776036,0.0,0.0,0.0,NaN,NaN,0.5206475536125789,0.2514873140261139
248,0.0,0.46684116464430714,0.0,0.0,0.0,NaN,NaN,0.4666534309887189,0.5352640869972027
249,0.0,0.5094299360707557,0.0,0.0,0.0,NaN,NaN,0.5092571985949487,0.8162579729371967
250,0.0,0.6265203900164024,0.0,0.0,0.0,NaN,NaN,0.6263888819407215,0.24311060467908951
251,0.0,0.1477105464598867,0.0,0.0,0.0,NaN,NaN,0.1474104418679302,0.9378808801685206
252,0.0,0.8229500791771848,0.0,0.0,0.0,NaN,NaN,0.8228877371007649,0.4924449193915144
253,0.0,0.5302357046910302,0.0,0.0,0.0,NaN,NaN,0.5300702932553099,0.5120194847260799
254,0.0,0.13998147119930146,0.0,0.0,0.0,NaN,NaN,0.13967864507774297,0.8461773311700909
255,0.0,0.3365846217103092,0.0,0.0,0.0,NaN,NaN,0.3363510226664957,0.7180648327763735
256,0.0,0.55070759637535,0.0,0.0,0.0,NaN,NaN,0.5505493934163684,0.4004790547006359
257,0.0,0.6041611268891618,0.0,0.0,0.0,NaN,NaN,0.6040217457634164,0.6931708817211559
258,0.0,0.02811130645481883,0.0,0.0,0.0,NaN,NaN,0.02776908907949871,0.6536666900230955
259,0.0,0.038312558305003956,0.0,0.0,0.0,NaN,NaN,0.03797393295175008,0.7156048029157651
260,0.0,0.2937180285690479,0.0,0.0,0.0,NaN,NaN,0.2934693355200349,0.26118014670155737
261,0.0,0.18570394731111556,0.0,0.0,0.0,NaN,NaN,0.18541722079630427,0.26469308344541803
262,0.0,0.8400622282927279,0.0,0.0,0.0,NaN,NaN,0.8400059116745681,0.16498054688086208
263,0.0,0.6474953782876419,0.0,0.0,0.0,NaN,NaN,0.6473712558369623,0.6738230535343639
264,0.0,0.8351345155987046,0.0,0.0,0.0,NaN,NaN,0.8350764638549942,0.6713584730240355
265,0.0,0.11358120531292298,0.0,0.0,0.0,NaN,NaN,0.11326908324033697,0.8762584782289055
266,0.0,0.45237264795613197,0.0,0.0,0.0,NaN,NaN,0.4521798197070592,0.8989689201251229
267,0.0,0.45093989365242665,0.0,0.0,0.0,NaN,NaN,0.4507465609079106,0.6659495406631017
268,0.0,0.644634466310838,0.0,0.0,0.0,NaN,NaN,0.6445093364878182,0.04472831227126292
269,0.0,0.3116215714099838,0.0,0.0,0.0,NaN,NaN,0.31137918248147417,0.09804821212590181
270,0.0,0.21871969496883117,0.0,0.0,0.0,NaN,NaN,0.21844459382077508,0.8967098956881641
271,0.0,0.8789589360357103,0.0,0.0,0.0,NaN,NaN,0.8789163155633343,0.1885058293505793
272,0.0,0.6563211515342462,0.0,0.0,0.0,NaN,NaN,0.6562001367778693,0.617968407568337
273,0.0,0.014659177359683017,0.0,0.0,0.0,NaN,NaN,0.014312223277019781,0.771323112190281
274,0.0,0.6410158236498726,0.0,0.0,0.0,NaN,NaN,0.6408894196455582,0.6260328093209169
275,0.0,0.48267262693446605,0.0,0.0,0.0,NaN,NaN,0.482490467787058,0.6064689357054889
276,0.0,0.1583012085740846,0.0,0.0,0.0,NaN,NaN,0.1580048331217052,0.7107450537644981
277,0.0,0.00035199186888237595,0.0,0.0,0.0,NaN,NaN,0.0,0.05375135441052253
278,0.0,1.0,0.0,0.0,0.0,NaN,NaN,1.0,0.12870124083045265
279,0.0,0.46356752942688983,0.0,0.0,0.0,NaN,NaN,0.4633786430725828,0.385186904066216
280,0.0,0.475720833535809,0.0,0.0,0.0,NaN,NaN,0.475536226552032,0.587534940238469
281,0.0,0.38706635340246465,0.0,0.0,0.0,NaN,NaN,0.3868505297745358,0.3208881840869726
282,0.0,0.5632820791401606,0.0,0.0,0.0,NaN,NaN,0.5631283038553729,0.5619554531183582
283,0.0,0.7546650168168986,0.0,0.0,0.0,NaN,NaN,0.7545786304903813,0.943916134316762
284,0.0,0.829805624685554,0.0,0.0,0.0,NaN,NaN,0.8297456965550991,0.7714863824430341
285,0.0,0.23109631741831713,0.0,0.0,0.0,NaN,NaN,0.23082557427470957,0.3363366262002808
286,0.0,0.13247400184568628,0.0,0.0,0.0,NaN,NaN,0.13216853222546937,0.729502558464528
287,0.0,0.2795095566582501,0.0,0.0,0.0,NaN,NaN,0.27925586058163027,0.8530849203565937
288,0.0,0.8809975397857704,0.0,0.0,0.0,NaN,NaN,0.8809556371380068,0.905759523421382
289,0.0,0.7382683551833442,0.0,0.0,0.0,NaN,NaN,0.7381761953330217,0.8843110201726867
290,0.0,0.42944333810912694,0.0,0.0,0.0,NaN,NaN,0.4292424360875267,0.3237484761146105
291,0.0,0.14831639433956287,0.0,0.0,0.0,NaN,NaN,0.14801650307622374,0.13919952503033528
292,0.0,0.3116615014233064,0.0,0.0,0.0,NaN,NaN,0.3114191265547858,0.7370639398691232
293,0.0,0.21108941712847915,0.0,0.0,0.0,NaN,NaN,0.21081162923895475,0.19680588582911523
294,0.0,0.9020454765755552,0.0,0.0,0.0,NaN,NaN,0.9020109852391196,0.9691395745514942
295,0.0,0.4285195470430848,0.0,0.0,0.0,NaN,NaN,0.4283183197400443,0.3090469370167602
296,0.0,0.6083643843076162,0.0,0.0,0.0,NaN,NaN,0.6082264832152646,0.22153543640613824
297,0.0,0.3674944409458031,0.0,0.0,0.0,NaN,NaN,0.36727172573805095,0.7761442462203333
298,0.0,0.8702202496908273,0.0,0.0,0.0,NaN,NaN,0.8701745521888238,0.10865883145034176
299,0.0,0.28043120453221726,0.0,0.0,0.0,NaN,NaN,0.2801778329823858,0.6664409841304875
300,0.0,0.5664651603186195,0.0,0.0,0.0,NaN,NaN,0.5663125058470417,0.5042139215093357
301,0.0,0.8202306363762822,0.0,0.0,0.0,NaN,NaN,0.8201673367410556,0.34067284574744966
302,0.0,0.7480736700407398,0.0,0.0,0.0,NaN,NaN,0.7479849627968082,0.6473212420254754
303,0.0,0.7475806558096272,0.0,0.0,0.0,NaN,NaN,0.7474917749675899,0.7838588018491124
304,0.0,0.40271826386455184,0.0,0.0,0.0,NaN,NaN,0.40250795152176566,0.040648602665951786
305,0.0,0.6037366022061423,0.0,0.0,0.0,NaN,NaN,0.6035970715985439,0.3657092485673698
306,0.0,0.297855119676814,0.0,0.0,0.0,NaN,NaN,0.2976078833629907,0.8397634994415031
307,0.0,0.6618747497503413,0.0,0.0,0.0,NaN,NaN,0.661755690503703,0.7375986543463311
308,0.0,0.9987165918551676,0.0,0.0,0.0,NaN,NaN,0.9987161399468681,0.17476975724483718
309,0.0,0.22449347755069715,0.0,0.0,0.0,NaN,NaN,0.22422040944277616,0.8528541186302612
310,0.0,0.763622544515399,0.0,0.0,0.0,NaN,NaN,0.7635393122760098,0.5750346039044879
311,0.0,0.5354747397504804,0.0,0.0,0.0,NaN,NaN,0.5353111730618378,0.7091188593876421
312,0.0,0.7745326547309886,0.0,0.0,0.0,NaN,NaN,0.7744532641139038,0.04458196368937132
313,0.0,0.7327758946416492,0.0,0.0,0.0,NaN,NaN,0.7326818008091298,0.9222152226317192
314,0.0,0.8153741345382498,0.0,0.0,0.0,NaN,NaN,0.8153091248519408,0.8981071711489075
315,0.0,0.3224106640701477,0.0,0.0,0.0,NaN,NaN,0.32217207415174776,0.876381632786638
316,0.0,0.6327504858895782,0.0,0.0,0.0,NaN,NaN,0.6326211715291569,0.833038837288207
317,0.0,0.6963546892721265,0.0,0.0,0.0,NaN,NaN,0.6962477709573487,0.17422187799113903
318,0.0,0.8670010211339109,0.0,0.0,0.0,NaN,NaN,0.8669541900906338,0.836727248418756
319,0.0,0.9457040873618515,0.0,0.0,0.0,NaN,NaN,0.9456849689125506,0.21846742062592442
320,0.0,0.32186857475585295,0.0,0.0,0.0,NaN,NaN,0.3216297939592346,0.7420337752738823
321,0.0,0.5549353617497716,0.0,0.0,0.0,NaN,NaN,0.5547786474538227,0.45778221935990193
322,0.0,0.3359106148598698,0.0,0.0,0.0,NaN,NaN,0.3356767784875877,0.113839525056001
323,0.0,0.48442692967707784,0.0,0.0,0.0,NaN,NaN,0.4842453882474024,0.8102721906691648
324,0.0,0.34544342929658184,0.0,0.0,0.0,NaN,NaN,0.3452129495789842,0.20187104459915386
325,0.0,0.9870265886755096,0.0,0.0,0.0,NaN,NaN,0.9870220205322625,0.028345805828210835
326,0.0,0.10379264839962915,0.0,0.0,0.0,NaN,NaN,0.10347707962138919,0.824001298357002
327,0.0,0.3757786669392093,0.0,0.0,0.0,NaN,NaN,0.37555886873840955,0.8541225913978913
328,0.0,0.9252000108368154,0.0,0.0,0.0,NaN,NaN,0.9251736725779844,0.2075444969761221
329,0.0,0.14292865982421268,0.0,0.0,0.0,NaN,NaN,0.1426268714543664,0.7638571936241716
330,0.0,0.5909221942668773,0.0,0.0,0.0,NaN,NaN,0.5907781515036377,0.6232773367763973
331,0.0,0.5146617942097881,0.0,0.0,0.0,NaN,NaN,0.5144908989539516,0.6947544869294529
332,0.0,0.2963295355629226,0.0,0.0,0.0,NaN,NaN,0.29608176206681214,0.5689661677937577
333,0.0,0.7990107204907893,0.0,0.0,0.0,NaN,NaN,0.7989399489876758,0.8590592659785895
334,0.0,0.2767056853635719,0.0,0.0,0.0,NaN,NaN,0.27645100199953776,0.8501880551372075
335,0.0,0.606839843043288,0.0,0.0,0.0,NaN,NaN,0.6067014051358529,0.27817410320597374
336,0.0,0.03263980443952996,0.0,0.0,0.0,NaN,NaN,0.032299181619949366,0.9489719840877332
337,0.0,0.32064356684537143,0.0,0.0,0.0,NaN,NaN,0.32040435470409945,0.3902025680918954
338,0.0,0.6192307936301468,0.0,0.0,0.0,NaN,NaN,0.6190967187723241,0.10900249295002255
339,0.0,0.698457902596195,0.0,0.0,0.0,NaN,NaN,0.698351724856082,0.23966781543798457
340,0.0,0.5116773596112081,0.0,0.0,0.0,NaN,NaN,0.5115054134887631,0.9383848320836743
341,0.0,0.8876486714131319,0.0,0.0,0.0,NaN,NaN,0.8876091107339737,0.24008507827632666
342,0.0,0.5774797977185353,0.0,0.0,0.0,NaN,NaN,0.5773310216749361,0.34922436807594837
343,0.0,0.6424281973661223,0.0,0.0,0.0,NaN,NaN,0.6423022906809243,0.07004682265859283
344,0.0,0.7936190973640671,0.0,0.0,0.0,NaN,NaN,0.793546427385205,0.5363884740854822
345,0.0,0.5352875821149656,0.0,0.0,0.0,NaN,NaN,0.5351239495251604,0.717470596693766
346,0.0,0.07088406125179723,0.0,0.0,0.0,NaN,NaN,0.07055690483971194,0.4315424856682784
347,0.0,0.42806856483096545,0.0,0.0,0.0,NaN,NaN,0.42786717872995766,0.3822317191104424
348,0.0,0.5721733693066765,0.0,0.0,0.0,NaN,NaN,0.5720227247857348,0.5767795665785324
349,0.0,0.4583482391393893,0.0,0.0,0.0,NaN,NaN,0.458157514990451,0.4989387545582002
350,0.0,0.4631528929824801,0.0,0.0,0.0,NaN,NaN,0.4629638606281253,0.26444085036422915
351,0.0,0.37394400249272075,0.0,0.0,0.0,NaN,NaN,0.37372355827756193,0.06054227207379891
352,0.0,0.35207018180585686,0.0,0.0,0.0,NaN,NaN,0.3518420354725919,0.9183768854399541
353,0.0,0.017446495693117983,0.0,0.0,0.0,NaN,NaN,0.017100523069309637,0.63547854244055
354,0.0,0.7277269666594293,0.0,0.0,0.0,NaN,NaN,0.7276310950195398,0.601371176466304
355,0.0,0.6692813141921286,0.0,0.0,0.0,NaN,NaN,0.6691648629139337,0.07138445418731203
356,0.0,0.6166988935653515,0.0,0.0,0.0,NaN,NaN,0.6165639271854846,0.02096632669056656
357,0.0,0.10751878769493865,0.0,0.0,0.0,NaN,NaN,0.10720453094925778,0.04903979661655106
358,0.0,0.2781990466222031,0.0,0.0,0.0,NaN,NaN,0.2779448890942794,0.6732091182833724
359,0.0,0.8472023533546864,0.0,0.0,0.0,NaN,NaN,0.8471485508874519,0.0987036159367366
360,0.0,0.2608854856829866,0.0,0.0,0.0,NaN,NaN,0.2606252317765152,0.5519880240657576
361,0.0,0.6026142065809217,0.0,0.0,0.0,NaN,NaN,0.6024742807600777,0.8605803186006756
362,0.0,0.8126626642950738,0.0,0.0,0.0,NaN,NaN,0.8125966998572218,0.9649855178313617
363,0.0,0.6587773105734483,0.0,0.0,0.0,NaN,NaN,0.6586571606695029,0.9490772089059428
364,0.0,0.1663874912591654,0.0,0.0,0.0,NaN,NaN,0.16609396311476987,0.5142401748724946
365,0.0,0.7370200464157113,0.0,0.0,0.0,NaN,NaN,0.7369274470161349,0.4343470591812798
366,0.0,0.8245643681131223,0.0,0.0,0.0,NaN,NaN,0.8245025944533599,0.5598054315278993
367,0.0,0.5287656092981123,0.0,0.0,0.0,NaN,NaN,0.5285996802185607,0.38455569137955486
368,0.0,0.023874110578200578,0.0,0.0,0.0,NaN,NaN,0.02353040121921891,0.5099368786574994
369,0.0,0.40128983534506285,0.0,0.0,0.0,NaN,NaN,0.4010790200300104,0.5243942901187846
370,0.0,0.527096248759038,0.0,0.0,0.0,NaN,NaN,0.5269297318712468,0.2939171679207123
371,0.0,0.5270921488756166,0.0,0.0,0.0,NaN,NaN,0.5269256305441916,0.22492683656183168
372,0.0,0.8618608836458173,0.0,0.0,0.0,NaN,NaN,0.8618122426788611,0.05022004304035425
373,0.0,0.14173433893655413,0.0,0.0,0.0,NaN,NaN,0.14143213002744012,0.6466274661278877
374,0.0,0.7411743134338677,0.0,0.0,0.0,NaN,NaN,0.7410831768173907,0.18412028544478326
375,0.0,0.043511309585901665,0.0,0.0,0.0,NaN,NaN,0.043174514795170135,0.2892592765962907
376,0.0,0.29290161483003246,0.0,0.0,0.0,NaN,NaN,0.29265263430883387,0.23032706493314242
377,0.0,0.5521437120508675,0.0,0.0,0.0,NaN,NaN,0.5519860147709214,0.40830071022327596
378,0.0,0.9420769749694807,0.0,0.0,0.0,NaN,NaN,0.9420565793565591,0.8759818800183063
379,0.0,0.7694337530940637,0.0,0.0,0.0,NaN,NaN,0.7693525670730949,0.6170968206371066
380,0.0,0.19253242640412133,0.0,0.0,0.0,NaN,NaN,0.1922481043047623,0.6368222267509305
381,0.0,0.6948757608567849,0.0,0.0,0.0,NaN,NaN,0.694768321787929,0.9497922983956604
382,0.0,0.5153927207792586,0.0,0.0,0.0,NaN,NaN,0.5152220828942237,0.8974973385401499
383,0.0,0.7696225336966667,0.0,0.0,0.0,NaN,NaN,0.7695414141483327,0.8354493674758853
384,0.0,0.9766811019393447,0.0,0.0,0.0,NaN,NaN,0.9766728909866474,0.32587626951231236
385,0.0,0.9516241707572317,0.0,0.0,0.0,NaN,NaN,0.9516071368628956,0.4593816987844394
386,0.0,0.06648099825412074,0.0,0.0,0.0,NaN,NaN,0.06615229145393808,0.532848695644897
387,0.0,0.328484449022515,0.0,0.0,0.0,NaN,NaN,0.3282479977798281,0.4302618193999356
388,0.0,0.23652660407759205,0.0,0.0,0.0,NaN,NaN,0.23625777302377435,0.6238996978303927
389,0.0,0.4711836404115371,0.0,0.0,0.0,NaN,NaN,0.4709974358103245,0.16559479118715073
390,0.0,0.3687643781097238,0.0,0.0,0.0,NaN,NaN,0.3685421100669258,0.905953557100296
391,0.0,0.08820039772808606,0.0,0.0,0.0,NaN,NaN,0.08787933867185896,0.6822119934087476
392,0.0,0.5540489775154145,0.0,0.0,0.0,NaN,NaN,0.5538919511095621,0.4909982214356435
393,0.0,0.04154208347665165,0.0,0.0,0.0,NaN,NaN,0.04120459529027204,0.6236009981219462
394,0.0,0.07896202115472516,0.0,0.0,0.0,NaN,NaN,0.07863770912004057,0.43313468035708474
395,0.0,0.7933076592568722,0.0,0.0,0.0,NaN,NaN,0.7932348796157285,0.7813671940225608
396,0.0,0.4771905049483024,0.0,0.0,0.0,NaN,NaN,0.47700641545906636,0.6153513229403683
397,0.0,0.6681209496994545,0.0,0.0,0.0,NaN,NaN,0.6680040898385754,0.20434830591107558
398,0.0,0.8997624847946001,0.0,0.0,0.0,NaN,NaN,0.8997271895806624,0.8710017890920656
399,0.0,0.8465402845561137,0.0,0.0,0.0,NaN,NaN,0.8464862489639874,0.35075849596933284
400,0.0,0.13490610871163786,0.0,0.0,0.0,NaN,NaN,0.134601495474702,0.11324640958028113
401,0.0,0.8550255886733182,0.0,0.0,0.0,NaN,NaN,0.854974540890931,0.21129494526491377
402,0.0,0.3338524992961388,0.0,0.0,0.0,NaN,NaN,0.33361793822882635,0.11486607289926716
403,0.0,0.006931233280415307,0.0,0.0,0.0,NaN,NaN,0.006581558066456901,0.41127812690013255
404,0.0,0.6046868364405716,0.0,0.0,0.0,NaN,NaN,0.6045476404254712,0.7233813073272465
405,0.0,0.8971605884863618,0.0,0.0,0.0,NaN,NaN,0.897124377103596,0.6873962968159332
406,0.0,0.23220721719767531,0.0,0.0,0.0,NaN,NaN,0.23193686521944426,0.5621808641173135
407,0.0,0.29925978885729765,0.0,0.0,0.0,NaN,NaN,0.2990130471497017,0.40830918051554693
408,0.0,0.28759163410802363,0.0,0.0,0.0,NaN,NaN,0.2873407838586578,0.23941074841216703
409,0.0,0.36498100770539127,0.0,0.0,0.0,NaN,NaN,0.36475740747805585,0.3011781346167168
410,0.0,0.787567831112106,0.0,0.0,0.0,NaN,NaN,0.7874930303867212,0.931508271777331
411,0.0,0.0915818801299268,0.0,0.0,0.0,NaN,NaN,0.09126201174711726,0.23169239225367383
412,0.0,0.45943673899477044,0.0,0.0,0.0,NaN,NaN,0.4592463981238412,0.9486905998221993
413,0.0,0.5716582634395071,0.0,0.0,0.0,NaN,NaN,0.5715074375416452,0.41689058927239747
414,0.0,0.10415458545456746,0.0,0.0,0.0,NaN,NaN,0.10383914412008707,0.06057100588551249
415,0.0,0.08693687760229574,0.0,0.0,0.0,NaN,NaN,0.08661537364065508,0.8870710350510155
416,0.0,0.6493383861497019,0.0,0.0,0.0,NaN,NaN,0.64921491265123,0.5127844202774972
417,0.0,0.7095329997564156,0.0,0.0,0.0,NaN,NaN,0.7094307217331187,0.5157405876341646
418,0.0,0.10616557745352621,0.0,0.0,0.0,NaN,NaN,0.10585084422112401,0.034059339621435675
419,0.0,0.36311608005181467,0.0,0.0,0.0,NaN,NaN,0.3628918231539664,0.3065148521856333
420,0.0,0.31597063902229544,0.0,0.0,0.0,NaN,NaN,0.3157297814692543,0.6642635682972452
421,0.0,0.7057126211298548,0.0,0.0,0.0,NaN,NaN,0.7056089978908403,0.9024018229170191
422,0.0,0.09446619703412133,0.0,0.0,0.0,NaN,NaN,0.09414734426489707,0.2994512575888405
423,0.0,0.42926169274766063,0.0,0.0,0.0,NaN,NaN,0.42906072676585666,0.29604576881754585
424,0.0,0.8112102873956096,0.0,0.0,0.0,NaN,NaN,0.8111438115528881,0.20310700248339492
425,0.0,0.7058520187110628,0.0,0.0,0.0,NaN,NaN,0.7057484445561406,0.2919135492729264
426,0.0,0.4007473879130223,0.0,0.0,0.0,NaN,NaN,0.40053638159365246,0.32923341185474275
427,0.0,0.853214789325855,0.0,0.0,0.0,NaN,NaN,0.8531631039323873,0.3916590187906766
428,0.0,0.3369957693017201,0.0,0.0,0.0,NaN,NaN,0.3367623150294741,0.18861604209301763
429,0.0,0.6565961674926698,0.0,0.0,0.0,NaN,NaN,0.65647524957376,0.33845484303318946
430,0.0,0.5138860217194348,0.0,0.0,0.0,NaN,NaN,0.5137148533018389,0.39381205716433604
431,0.0,0.2782018540007931,0.0,0.0,0.0,NaN,NaN,0.2779476974613918,0.6239204794362552
432,0.0,0.15131056988234104,0.0,0.0,0.0,NaN,NaN,0.15101173291555078,0.2989853561161365
433,0.0,0.2374155723148872,0.0,0.0,0.0,NaN,NaN,0.23714705428084112,0.9588532300632842
434,0.0,0.4733179110161916,0.0,0.0,0.0,NaN,NaN,0.4731324579254033,0.5855011679718463
435,0.0,0.2783142909524735,0.0,0.0,0.0,NaN,NaN,0.27806017400390054,0.7602532785404141
436,0.0,0.8948901577481844,0.0,0.0,0.0,NaN,NaN,0.8948531469108584,0.6856391770472271
437,0.0,0.3341372869688363,0.0,0.0,0.0,NaN,NaN,0.3339028261797661,0.23985400398130094
438,0.0,0.716374454623486,0.0,0.0,0.0,NaN,NaN,0.7162745855846167,0.8180092355780907
439,0.0,0.43890360809193196,0.0,0.0,0.0,NaN,NaN,0.43870603718096696,0.22583223481690554
440,0.0,0.9384462467803311,0.0,0.0,0.0,NaN,NaN,0.9384245727306093,0.26265161949649996
441,0.0,0.11298050126459905,0.0,0.0,0.0,NaN,NaN,0.11266816767462001,0.6697990221247382
442,0.0,0.9303554420894646,0.0,0.0,0.0,NaN,NaN,0.9303309191394892,0.5106419458095376
443,0.0,0.8923668384589647,0.0,0.0,0.0,NaN,NaN,0.8923289391210214,0.2128206236248145
444,0.0,0.5567873050210229,0.0,0.0,0.0,NaN,NaN,0.5566312428235803,0.40847899581310376
445,0.0,0.3626526258815613,0.0,0.0,0.0,NaN,NaN,0.3624282057941721,0.590542841346859
446,0.0,0.6353139080278365,0.0,0.0,0.0,NaN,NaN,0.6351854962888799,0.46448903200822184
447,0.0,0.3673987175544948,0.0,0.0,0.0,NaN,NaN,0.36717596864102314,0.194655343402901
448,0.0,0.37512067212484385,0.0,0.0,0.0,NaN,NaN,0.37490064223366654,0.8941293243685698
449,0.0,0.6921643126260744,0.0,0.0,0.0,NaN,NaN,0.6920559188134263,0.18102931039838766
450,0.0,0.44833659163015355,0.0,0.0,0.0,NaN,NaN,0.4481423422218352,0.9001394709818779
451,0.0,0.9941389557073577,0.0,0.0,0.0,NaN,NaN,0.9941368919409945,0.09627600023129153
452,0.0,0.29024003628323325,0.0,0.0,0.0,NaN,NaN,0.28999011857814666,0.5919021301647959
453,0.0,0.7096805141165234,0.0,0.0,0.0,NaN,NaN,0.7095782880353652,0.2674863316679885
454,0.0,0.3571224369891505,0.0,0.0,0.0,NaN,NaN,0.3568960696348157,0.411947326241812
455,0.0,0.7751034282997088,0.0,0.0,0.0,NaN,NaN,0.7750242386610219,0.8849588033922241
456,0.0,0.20856903693072285,0.0,0.0,0.0,NaN,NaN,0.20829036157548164,0.6089707038555677
457,0.0,0.2921685322190329,0.0,0.0,0.0,NaN,NaN,0.29191929356785634,0.500762393585551
458,0.0,0.7898433690469953,0.0,0.0,0.0,NaN,NaN,0.7897693695744955,0.13549359361392477
459,0.0,0.4431370266276981,0.0,0.0,0.0,NaN,NaN,0.4429409463703332,0.09921179037532543
460,0.0,0.1613285321868519,0.0,0.0,0.0,NaN,NaN,0.1610332227029809,0.8771849549813191
461,0.0,0.8083795039566755,0.0,0.0,0.0,NaN,NaN,0.8083120313503481,0.3070834916990772
462,0.0,0.9469461590626473,0.0,0.0,0.0,NaN,NaN,0.9469274779664305,0.2646317389278503
463,0.0,0.5163030869577097,0.0,0.0,0.0,NaN,NaN,0.5161327696269997,0.8846413497704565
464,0.0,0.003207636940787443,0.0,0.0,0.0,NaN,NaN,0.0028566505896848744,0.5293420831582638
465,0.0,0.002941671728172712,0.0,0.0,0.0,NaN,NaN,0.002590591726513663,0.5359682760603115
466,0.0,0.2829196957126699,0.0,0.0,0.0,NaN,NaN,0.2826672003999281,0.4879078364533499
467,0.0,0.917447660039368,0.0,0.0,0.0,NaN,NaN,0.9174185920552506,0.7197062612427484
468,0.0,0.2314539443378572,0.0,0.0,0.0,NaN,NaN,0.23118332712034242,0.34458620876982393
469,0.0,0.3054806001776147,0.0,0.0,0.0,NaN,NaN,0.30523604891604056,0.9408703267941586
470,0.0,0.49301637863599834,0.0,0.0,0.0,NaN,NaN,0.49283786168710725,0.2531997988667854
471,0.0,0.8099297265214249,0.0,0.0,0.0,NaN,NaN,0.8098627997729729,0.4763105395650016
472,0.0,0.5882823963870488,0.0,0.0,0.0,NaN,NaN,0.5881374241092384,0.48892232460118457
473,0.0,0.8483219370990883,0.0,0.0,0.0,NaN,NaN,0.8482685288549917,0.7796568199940621
474,0.0,0.017342593631762195,0.0,0.0,0.0,NaN,NaN,0.016996584422395277,0.9051083989236582
475,0.0,0.757622295918817,0.0,0.0,0.0,NaN,NaN,0.7575369508970283,0.4673089790497391
476,0.0,0.9909032754283933,0.0,0.0,0.0,NaN,NaN,0.9909000723278453,0.4411475088777608
477,0.0,0.15716645532038406,0.0,0.0,0.0,NaN,NaN,0.1568696803034427,0.3532824231184031
478,0.0,0.3027052221251949,0.0,0.0,0.0,NaN,NaN,0.30245969360912767,0.8609981528432525
479,0.0,0.6324263109152785,0.0,0.0,0.0,NaN,NaN,0.6322968824077233,0.48975737963419447
480,0.0,0.3591077476566301,0.0,0.0,0.0,NaN,NaN,0.3588820793615707,0.8632388895438518
481,0.0,0.30838725481858253,0.0,0.0,0.0,NaN,NaN,0.308143727036064,0.37552237449424086
482,0.0,0.5282476613497419,0.0,0.0,0.0,NaN,NaN,0.5280815498925285,0.8986710624742723
483,0.0,0.24954170911752777,0.0,0.0,0.0,NaN,NaN,0.24927746088797365,0.11176410175516266
484,0.0,0.8602605454311312,0.0,0.0,0.0,NaN,NaN,0.860211340959787,0.64234485192449
485,0.0,0.570507788306805,0.0,0.0,0.0,NaN,NaN,0.5703565573084591,0.8185285734501391
486,0.0,0.0506736470518012,0.0,0.0,0.0,NaN,NaN,0.05033937423333358,0.11106832414843403
487,0.0,0.10842241996707803,0.0,0.0,0.0,NaN,NaN,0.10810848140460731,0.9816231431771021
488,0.0,0.35803333243501123,0.0,0.0,0.0,NaN,NaN,0.3578072858213649,0.4228022543522344
489,0.0,0.27577808943700594,0.0,0.0,0.0,NaN,NaN,0.27552307945178006,0.5721759550901947
490,0.0,0.635337214092738,0.0,0.0,0.0,NaN,NaN,0.6352088105602153,0.999116496085583
491,0.0,0.4091526099737716,0.0,0.0,0.0,NaN,NaN,0.40894456326598255,0.2908563193327166
492,0.0,0.6179390188178622,0.0,0.0,0.0,NaN,NaN,0.6178044891057041,0.73200759296214
493,0.0,0.7033942429668876,0.0,0.0,0.0,NaN,NaN,0.7032898033902666,0.18781121858216437
494,0.0,0.03714280793920264,0.0,0.0,0.0,NaN,NaN,0.036803770698350294,0.2432639710288686
495,0.0,0.38954191638168073,0.0,0.0,0.0,NaN,NaN,0.3893269644386175,0.5856344285002675
496,0.0,0.9806424066962387,0.0,0.0,0.0,NaN,NaN,0.9806355905815777,0.2366134201725345
497,0.0,0.07781919502419808,0.0,0.0,0.0,NaN,NaN,0.07749448058236395,0.9639013544666233
498,0.0,0.9177785403481966,0.0,0.0,0.0,NaN,NaN,0.9177495888722674,0.3686554538273638
499,0.0,0.9131821763393071,0.0,0.0,0.0,NaN,NaN,0.9131516064109382,0.9123553866924163
500,0.0,0.918520384989604,0.0,0.0,0.0,NaN,NaN,0.9184916947289021,0.39274912188628447
501,0.0,0.3371824177492402,0.0,0.0,0.0,NaN,NaN,0.33694902919886366,0.9038866249879622
502,0.0,0.46534792775755485,0.0,0.0,0.0,NaN,NaN,0.46515966830964955,0.8289364630924758
503,0.0,0.9666736687019882,0.0,0.0,0.0,NaN,NaN,0.9666619339738227,0.5400351164071603
504,0.0,0.8491155577885309,0.0,0.0,0.0,NaN,NaN,0.8490624289908268,0.9362606106404019
505,0.0,0.4615146237685485,0.0,0.0,0.0,NaN,NaN,0.4613250145537011,0.034361747466979856
506,0.0,0.663830654292022,0.0,0.0,0.0,NaN,NaN,0.6637122837502972,0.8656085301743845
507,0.0,0.35037267098625635,0.0,0.0,0.0,NaN,NaN,0.35014392693259283,0.5736263555161079
508,0.0,0.7255728535485255,0.0,0.0,0.0,NaN,NaN,0.7254762234113514,0.9424587222147996
509,0.0,0.9240883734677994,0.0,0.0,0.0,NaN,NaN,0.924061643783875,0.42876365594709787
510,0.0,0.21283928808047653,0.0,0.0,0.0,NaN,NaN,0.21256211634818117,0.27438365295716205
511,0.0,0.5222915361965761,0.0,0.0,0.0,NaN,NaN,0.5221233274935253,0.9150611479068498
512,0.0,0.46878465710415995,0.0,0.0,0.0,NaN,NaN,0.468597607782995,0.46440458436532117
513,0.0,0.9162867435485076,0.0,0.0,0.0,NaN,NaN,0.9162572667873387,0.21786254541269368
514,0.0,0.23561497409488574,0.0,0.0,0.0,NaN,NaN,0.23534582204173754,0.9068198101227857
515,0.0,0.6739703042651967,0.0,0.0,0.0,NaN,NaN,0.6738555040545432,0.9250589210799781
516,0.0,0.9977088040639395,0.0,0.0,0.0,NaN,NaN,0.9977079972976247,0.8155656851503296
517,0.0,0.21507215684540232,0.0,0.0,0.0,NaN,NaN,0.21479577134150252,0.17560353538894985
518,0.0,0.518291912243386,0.0,0.0,0.0,NaN,NaN,0.518122295209504,0.9652711309370292
519,0.0,0.08078646255108582,0.0,0.0,0.0,NaN,NaN,0.08046279293106275,0.3745332260394241
520,0.0,0.7729314442913925,0.0,0.0,0.0,NaN,NaN,0.7728514898627954,0.9973213083851624
521,0.0,0.3921556932916475,0.0,0.0,0.0,NaN,NaN,0.39194166170076006,0.02778526808470242
522,0.0,0.37969711848323245,0.0,0.0,0.0,NaN,NaN,0.3794787000311751,0.17308329975624445
523,0.0,0.4169697556798194,0.0,0.0,0.0,NaN,NaN,0.41676446151262864,0.751253877938035
524,0.0,0.5559517589736089,0.0,0.0,0.0,NaN,NaN,0.5557954025671925,0.29685228040986156
525,0.0,0.7051045199101141,0.0,0.0,0.0,NaN,NaN,0.7050006825490457,0.8291218059922231
526,0.0,0.9084704134425026,0.0,0.0,0.0,NaN,NaN,0.9084381844279211,0.22729398110946497
527,0.0,0.9190418615045298,0.0,0.0,0.0,NaN,NaN,0.9190133548639539,0.9151070061521722
528,0.0,0.9221672855909716,0.0,0.0,0.0,NaN,NaN,0.9221398794616319,0.9242451041421192
529,0.0,0.7462552032097112,0.0,0.0,0.0,NaN,NaN,0.7461658556548569,0.8952207715184032
530,0.0,0.3882243806598131,0.0,0.0,0.0,NaN,NaN,0.38800896479159086,0.6709927006578
531,0.0,0.9149657445937113,0.0,0.0,0.0,NaN,NaN,0.9149358026879244,0.9281597405920566
532,0.0,0.3653674933079066,0.0,0.0,0.0,NaN,NaN,0.36514402916826244,0.0860239548289801
533,0.0,0.300873395384864,0.0,0.0,0.0,NaN,NaN,0.3006272218536389,0.5472630942356608
534,0.0,0.6508605080054422,0.0,0.0,0.0,NaN,NaN,0.6507375704701417,0.3926306665720131
535,0.0,0.6949872814874982,0.0,0.0,0.0,NaN,NaN,0.6948798816868196,0.6162587591619498
536,0.0,0.4849652862435664,0.0,0.0,0.0,NaN,NaN,0.48478393437774986,0.9515812679839318
537,0.0,0.8406531332549435,0.0,0.0,0.0,NaN,NaN,0.8405970247037635,0.04031376850213211
538,0.0,0.5029555951202959,0.0,0.0,0.0,NaN,NaN,0.5027805779266756,0.5745313796931206
539,0.0,0.8181722412553187,0.0,0.0,0.0,NaN,NaN,0.8181082168266252,0.19540586908063967
540,0.0,0.8167004120627415,0.0,0.0,0.0,NaN,NaN,0.8166358693797183,0.12853808983778295
541,0.0,0.27303963250847463,0.0,0.0,0.0,NaN,NaN,0.27278365826926704,0.900246940096872
542,0.0,0.4450712033569717,0.0,0.0,0.0,NaN,NaN,0.444875804153814,0.02592518455448247
543,0.0,0.9269772212968589,0.0,0.0,0.0,NaN,NaN,0.92695150882193,0.11611052299674376
544,0.0,0.4755459338291328,0.0,0.0,0.0,NaN,NaN,0.4753612652604038,0.16927891696458836
545,0.0,0.2654451336981105,0.0,0.0,0.0,NaN,NaN,0.2651864853157968,0.6227691137764808
546,0.0,0.6501572512652019,0.0,0.0,0.0,NaN,NaN,0.650034066102084,1.0
547,0.0,0.9660302167942949,0.0,0.0,0.0,NaN,NaN,0.9660182554965393,0.9841329544095863
548,0.0,0.9246843162223887,0.0,0.0,0.0,NaN,NaN,0.9246577963793305,0.005015006351744472
549,0.0,0.44725190783885743,0.0,0.0,0.0,NaN,NaN,0.4470572764962265,0.771771661965837
550,0.0,0.6181652562866945,0.0,0.0,0.0,NaN,NaN,0.6180308062363261,0.3264877776764644
551,0.0,0.5537269016224794,0.0,0.0,0.0,NaN,NaN,0.5535697618086128,0.031106333978602924
552,0.0,0.753820381590567,0.0,0.0,0.0,NaN,NaN,0.7537336978546321,0.03136803871463014
553,0.0,0.32860608032986194,0.0,0.0,0.0,NaN,NaN,0.32836967191548144,0.2569947235278995
554,0.0,0.49657861105512013,0.0,0.0,0.0,NaN,NaN,0.4964013484245855,0.8470972004420932
555,0.0,0.23456875074355607,0.0,0.0,0.0,NaN,NaN,0.23429923029862423,0.6794627602424861
556,0.0,0.7673751086361361,0.0,0.0,0.0,NaN,NaN,0.7672931977339048,0.8919371632634587
557,0.0,0.9743789642357886,0.0,0.0,0.0,NaN,NaN,0.9743699426640073,0.01023549735612138
558,0.0,0.4241344055439381,0.0,0.0,0.0,NaN,NaN,0.4239316341632433,0.19072988424721687
559,0.0,0.720943490728397,0.0,0.0,0.0,NaN,NaN,0.7208452305193802,0.3355433737420919
560,0.0,0.5503191458540858,0.0,0.0,0.0,NaN,NaN,0.550160806115534,0.8544856289209575
561,0.0,0.8585978463606379,0.0,0.0,0.0,NaN,NaN,0.8585480564266623,0.4901352044770566
562,0.0,0.01116475264546556,0.0,0.0,0.0,NaN,NaN,0.010816568120610852,0.8540482733854278
563,0.0,0.5338782729565982,0.0,0.0,0.0,NaN,NaN,0.533714144126756,0.0452823489794428
564,0.0,0.0352714275650947,0.0,0.0,0.0,NaN,NaN,0.03493173138162464,0.6623085882371099
565,0.0,0.33242154458529416,0.0,0.0,0.0,NaN,NaN,0.3321864796562035,0.5592547080000075
566,0.0,0.3958289833915567,0.0,0.0,0.0,NaN,NaN,0.39561624522419103,0.4768622711125269
567,0.0,0.14533882142670945,0.0,0.0,0.0,NaN,NaN,0.14503788171286994,0.6448899601691293
568,0.0,0.8495392072286361,0.0,0.0,0.0,NaN,NaN,0.849486227604598,0.5138017446638703
569,0.0,0.43492839233436154,0.0,0.0,0.0,NaN,NaN,0.434729421687077,0.7004250500933111
570,0.0,0.10388353630020276,0.0,0.0,0.0,NaN,NaN,0.10356799952502962,0.17445267501928446
571,0.0,0.6359193833981256,0.0,0.0,0.0,NaN,NaN,0.6357911848566199,0.6607823614109343
572,0.0,0.4849086764466774,0.0,0.0,0.0,NaN,NaN,0.48472730464765634,0.5306966234461121
573,0.0,0.2894439384604295,0.0,0.0,0.0,NaN,NaN,0.28919374043671253,0.7937937127036071
574,0.0,0.8019077704535535,0.0,0.0,0.0,NaN,NaN,0.8018380190475366,0.5982370015172551
575,0.0,0.5125601293260216,0.0,0.0,0.0,NaN,NaN,0.5123884940407505,0.6808785360331657
576,0.0,0.20402398216771767,0.0,0.0,0.0,NaN,NaN,0.2037437064268335,0.5745335943674805
577,0.0,0.8966732478603158,0.0,0.0,0.0,NaN,NaN,0.8966368648772103,0.4938584655753717
578,0.0,0.5259739953555467,0.0,0.0,0.0,NaN,NaN,0.5258070833045884,0.6499732101473514
579,0.0,0.6891349024809938,0.0,0.0,0.0,NaN,NaN,0.6890254419651363,0.5229531589676415
580,0.0,0.28360852514777457,0.0,0.0,0.0,NaN,NaN,0.2833562723827678,0.5890916831535985
581,0.0,0.27998537274554536,0.0,0.0,0.0,NaN,NaN,0.2797318442112928,0.20755517505995558
582,0.0,0.17509043150241688,0.0,0.0,0.0,NaN,NaN,0.1747999678008813,0.9448198583598963
583,0.0,0.4129230241992554,0.0,0.0,0.0,NaN,NaN,0.4127163051139284,0.480957935126052
584,0.0,0.16277891346971884,0.0,0.0,0.0,NaN,NaN,0.16248411468802923,0.6549409012617785
585,0.0,0.8237350100467262,0.0,0.0,0.0,NaN,NaN,0.8236729443568759,0.1964423642747889
586,0.0,0.12361665263824262,0.0,0.0,0.0,NaN,NaN,0.12330806420532815,0.6272551717401321
587,0.0,0.8117858904123596,0.0,0.0,0.0,NaN,NaN,0.811719617248561,0.32663845504437644
588,0.0,0.19524254657830994,0.0,0.0,0.0,NaN,NaN,0.19495917875511337,0.49415966340213163
589,0.0,0.10429538120334113,0.0,0.0,0.0,NaN,NaN,0.10397998944526997,0.8077734487872948
590,0.0,0.15879349428868916,0.0,0.0,0.0,NaN,NaN,0.1584972921778933,0.9229376317820206
591,0.0,0.6276173556372622,0.0,0.0,0.0,NaN,NaN,0.6274862338205204,0.7155950556861469
592,0.0,0.8997022327311025,0.0,0.0,0.0,NaN,NaN,0.8996669163014607,0.24453275767834268
593,0.0,0.6655559088442431,0.0,0.0,0.0,NaN,NaN,0.6654381457919237,0.6792699016892929
594,0.0,0.7706823549317272,0.0,0.0,0.0,NaN,NaN,0.7706016085632067,0.774665019340583
595,0.0,0.16018876228579498,0.0,0.0,0.0,NaN,NaN,0.15989305147092114,0.441037420820064
596,0.0,0.2891415123848382,0.0,0.0,0.0,NaN,NaN,0.28889120787211847,0.8783862715567836
597,0.0,0.8999668390386375,0.0,0.0,0.0,NaN,NaN,0.8999316157810602,0.3992419312050001
598,0.0,0.048977149528461765,0.0,0.0,0.0,NaN,NaN,0.04864227934639322,0.5829081741939153
599,0.0,0.0,0.0,0.0,0.0,NaN,NaN,NaN,NaN
