vertex_id,degree,pagerank,betweenness,closeness,eigenvector,katz,hits_authority,hits_hub,eigentrust,trust_transitivity
0,0.3142857142857143,1.872873455738e-311,2.27606149135e-312,2.27606149135e-312,2.27606149135e-312,2.27606149135e-312,2.27606149135e-312,0.3142857142857143,6.55505709508224e-310,6.55505709508224e-310
1,0.3142857142857143,2.8583323e-317,2.27606149135e-312,2.27606149135e-312,2.27606149135e-312,2.27606149135e-312,2.27606149135e-312,0.3142857142857143,6.55505709508224e-310,6.55505709508224e-310
2,0.05714285714285714,2.8583323e-317,3.505737e-318,3.479744e-318,3.479744e-318,3.479744e-318,3.479744e-318,0.05714285714285714,1.00216647e-315,1.00216647e-315
3,0.11428571428571428,2.8583323e-317,3.505737e-318,3.479744e-318,3.479744e-318,3.479744e-318,3.479744e-318,0.11428571428571428,1.00216647e-315,1.00216647e-315
4,1.0,1.0,4.05242252e-315,4.05242252e-315,4.05242252e-315,4.05242252e-315,4.05242252e-315,1.0,1.0,1.0
5,0.08571428571428572,0.08571428571428572,3.536659653e-315,3.536659653e-315,3.536659653e-315,3.536659653e-315,3.536659653e-315,0.08571428571428572,0.08571428571428572,0.08571428571428572
6,0.42857142857142855,0.42857142857142855,4.27346375e-315,4.27346375e-315,4.27346375e-315,4.27346375e-315,4.27346375e-315,0.42857142857142855,0.42857142857142855,0.42857142857142855
7,0.05714285714285714,0.05714285714285714,4.12610293e-315,4.12610293e-315,4.12610293e-315,4.12610293e-315,4.12610293e-315,0.05714285714285714,0.05714285714285714,0.05714285714285714
8,0.34285714285714286,0.34285714285714286,3.610340063e-315,3.610340063e-315,3.610340063e-315,3.610340063e-315,3.610340063e-315,0.34285714285714286,0.34285714285714286,0.34285714285714286
9,0.14285714285714285,0.14285714285714285,0.0,0.0,0.0,0.0,0.0,0.14285714285714285,0.14285714285714285,0.14285714285714285
10,0.02857142857142857,0.02857142857142857,0.2222222222222222,0.2222222222222222,0.2222222222222222,0.2222222222222222,0.2222222222222222,0.02857142857142857,0.02857142857142857,0.02857142857142857
11,0.08571428571428572,0.08571428571428572,1.0,1.0,1.0,1.0,1.0,0.08571428571428572,0.08571428571428572,0.08571428571428572
12,0.2,0.2,0.0625,0.0625,0.0625,0.0625,0.0625,0.2,0.2,0.2
13,0.05714285714285714,0.05714285714285714,0.18055555555555555,0.18055555555555555,0.18055555555555555,0.18055555555555555,0.18055555555555555,0.05714285714285714,0.05714285714285714,0.05714285714285714
14,0.08571428571428572,0.08571428571428572,0.125,0.125,0.125,0.125,0.125,0.08571428571428572,0.08571428571428572,0.08571428571428572
15,0.05714285714285714,0.05714285714285714,0.020833333333333332,0.020833333333333332,0.020833333333333332,0.020833333333333332,0.020833333333333332,0.05714285714285714,0.05714285714285714,0.05714285714285714
16,0.02857142857142857,0.02857142857142857,0.5,0.5,0.5,0.5,0.5,0.02857142857142857,0.02857142857142857,0.02857142857142857
17,0.08571428571428572,0.08571428571428572,0.5,0.5,0.5,0.5,0.5,0.08571428571428572,0.08571428571428572,0.08571428571428572
18,0.08571428571428572,0.08571428571428572,0.041666666666666664,0.041666666666666664,0.041666666666666664,0.041666666666666664,0.041666666666666664,0.08571428571428572,0.08571428571428572,0.08571428571428572
19,0.05714285714285714,0.05714285714285714,0.052083333333333336,0.052083333333333336,0.052083333333333336,0.052083333333333336,0.052083333333333336,0.05714285714285714,0.05714285714285714,0.05714285714285714
20,0.11428571428571428,0.11428571428571428,0.041666666666666664,0.041666666666666664,0.041666666666666664,0.041666666666666664,0.041666666666666664,0.11428571428571428,0.11428571428571428,0.11428571428571428
21,0.05714285714285714,0.05714285714285714,0.125,0.125,0.125,0.125,0.125,0.05714285714285714,0.05714285714285714,0.05714285714285714
22,0.05714285714285714,0.05714285714285714,0.18055555555555555,0.18055555555555555,0.18055555555555555,0.18055555555555555,0.18055555555555555,0.05714285714285714,0.05714285714285714,0.05714285714285714
23,0.08571428571428572,0.08571428571428572,0.034722222222222224,0.034722222222222224,0.034722222222222224,0.034722222222222224,0.034722222222222224,0.08571428571428572,0.08571428571428572,0.08571428571428572
24,0.02857142857142857,0.02857142857142857,0.2777777777777778,0.2777777777777778,0.2777777777777778,0.2777777777777778,0.2777777777777778,0.02857142857142857,0.02857142857142857,0.02857142857142857
25,0.11428571428571428,0.11428571428571428,0.08333333333333333,0.08333333333333333,0.08333333333333333,0.08333333333333333,0.08333333333333333,0.11428571428571428,0.11428571428571428,0.11428571428571428
26,0.05714285714285714,0.05714285714285714,0.08333333333333333,0.08333333333333333,0.08333333333333333,0.08333333333333333,0.08333333333333333,0.05714285714285714,0.05714285714285714,0.05714285714285714
27,0.02857142857142857,0.02857142857142857,0.2916666666666667,0.2916666666666667,0.2916666666666667,0.2916666666666667,0.2916666666666667,0.02857142857142857,0.02857142857142857,0.02857142857142857
28,0.17142857142857143,0.17142857142857143,0.1111111111111111,0.1111111111111111,0.1111111111111111,0.1111111111111111,0.1111111111111111,0.17142857142857143,0.17142857142857143,0.17142857142857143
29,0.02857142857142857,0.02857142857142857,0.25,0.25,0.25,0.25,0.25,0.02857142857142857,0.02857142857142857,0.02857142857142857
30,0.02857142857142857,0.02857142857142857,0.10416666666666667,0.10416666666666667,0.10416666666666667,0.10416666666666667,0.10416666666666667,0.02857142857142857,0.02857142857142857,0.02857142857142857
31,0.2571428571428571,0.2571428571428571,0.05555555555555555,0.05555555555555555,0.05555555555555555,0.05555555555555555,0.05555555555555555,0.2571428571428571,0.2571428571428571,0.2571428571428571
32,0.02857142857142857,0.02857142857142857,0.3159722222222222,0.3159722222222222,0.3159722222222222,0.3159722222222222,0.3159722222222222,0.02857142857142857,0.02857142857142857,0.02857142857142857
33,0.17142857142857143,0.17142857142857143,0.14583333333333334,0.14583333333333334,0.14583333333333334,0.14583333333333334,0.14583333333333334,0.17142857142857143,0.17142857142857143,0.17142857142857143
34,0.17142857142857143,0.17142857142857143,0.5,0.5,0.5,0.5,0.5,0.17142857142857143,0.17142857142857143,0.17142857142857143
35,0.08571428571428572,0.08571428571428572,0.1388888888888889,0.1388888888888889,0.1388888888888889,0.1388888888888889,0.1388888888888889,0.08571428571428572,0.08571428571428572,0.08571428571428572
36,0.2571428571428571,0.2571428571428571,0.21875,0.21875,0.21875,0.21875,0.21875,0.2571428571428571,0.2571428571428571,0.2571428571428571
37,0.22857142857142856,0.22857142857142856,0.06944444444444445,0.06944444444444445,0.06944444444444445,0.06944444444444445,0.06944444444444445,0.22857142857142856,0.22857142857142856,0.22857142857142856
38,0.02857142857142857,0.02857142857142857,0.25,0.25,0.25,0.25,0.25,0.02857142857142857,0.02857142857142857,0.02857142857142857
39,0.02857142857142857,0.02857142857142857,0.10416666666666667,0.10416666666666667,0.10416666666666667,0.10416666666666667,0.10416666666666667,0.02857142857142857,0.02857142857142857,0.02857142857142857
40,0.05714285714285714,0.05714285714285714,0.09027777777777778,0.09027777777777778,0.09027777777777778,0.09027777777777778,0.09027777777777778,0.05714285714285714,0.05714285714285714,0.05714285714285714
41,0.02857142857142857,0.02857142857142857,0.875,0.875,0.875,0.875,0.875,0.02857142857142857,0.02857142857142857,0.02857142857142857
42,0.17142857142857143,0.17142857142857143,0.375,0.375,0.375,0.375,0.375,0.17142857142857143,0.17142857142857143,0.17142857142857143
43,0.05714285714285714,0.05714285714285714,0.0625,0.0625,0.0625,0.0625,0.0625,0.05714285714285714,0.05714285714285714,0.05714285714285714
44,0.02857142857142857,0.02857142857142857,0.10416666666666667,0.10416666666666667,0.10416666666666667,0.10416666666666667,0.10416666666666667,0.02857142857142857,0.02857142857142857,0.02857142857142857
45,0.05714285714285714,0.05714285714285714,0.2777777777777778,0.2777777777777778,0.2777777777777778,0.2777777777777778,0.2777777777777778,0.05714285714285714,0.05714285714285714,0.05714285714285714
46,0.11428571428571428,0.11428571428571428,0.5,0.5,0.5,0.5,0.5,0.11428571428571428,0.11428571428571428,0.11428571428571428
47,0.08571428571428572,0.08571428571428572,0.09722222222222222,0.09722222222222222,0.09722222222222222,0.09722222222222222,0.09722222222222222,0.08571428571428572,0.08571428571428572,0.08571428571428572
48,0.08571428571428572,0.08571428571428572,0.06944444444444445,0.06944444444444445,0.06944444444444445,0.06944444444444445,0.06944444444444445,0.08571428571428572,0.08571428571428572,0.08571428571428572
49,0.02857142857142857,0.02857142857142857,0.027777777777777776,0.027777777777777776,0.027777777777777776,0.027777777777777776,0.027777777777777776,0.02857142857142857,0.02857142857142857,0.02857142857142857
50,0.02857142857142857,0.02857142857142857,0.027777777777777776,0.027777777777777776,0.027777777777777776,0.027777777777777776,0.027777777777777776,0.02857142857142857,0.02857142857142857,0.02857142857142857
51,0.02857142857142857,0.02857142857142857,0.041666666666666664,0.041666666666666664,0.041666666666666664,0.041666666666666664,0.041666666666666664,0.02857142857142857,0.02857142857142857,0.02857142857142857
52,0.02857142857142857,0.02857142857142857,0.1111111111111111,0.1111111111111111,0.1111111111111111,0.1111111111111111,0.1111111111111111,0.02857142857142857,0.02857142857142857,0.02857142857142857
53,0.08571428571428572,0.08571428571428572,0.125,0.125,0.125,0.125,0.125,0.08571428571428572,0.08571428571428572,0.08571428571428572
54,0.05714285714285714,0.05714285714285714,0.25,0.25,0.25,0.25,0.25,0.05714285714285714,0.05714285714285714,0.05714285714285714
55,0.02857142857142857,0.02857142857142857,0.027777777777777776,0.027777777777777776,0.027777777777777776,0.027777777777777776,0.027777777777777776,0.02857142857142857,0.02857142857142857,0.02857142857142857
56,0.02857142857142857,0.02857142857142857,0.052083333333333336,0.052083333333333336,0.052083333333333336,0.052083333333333336,0.052083333333333336,0.02857142857142857,0.02857142857142857,0.02857142857142857
57,0.05714285714285714,0.05714285714285714,0.375,0.375,0.375,0.375,0.375,0.05714285714285714,0.05714285714285714,0.05714285714285714
58,0.05714285714285714,0.05714285714285714,0.041666666666666664,0.041666666666666664,0.041666666666666664,0.041666666666666664,0.041666666666666664,0.05714285714285714,0.05714285714285714,0.05714285714285714
59,0.05714285714285714,0.05714285714285714,0.052083333333333336,0.052083333333333336,0.052083333333333336,0.052083333333333336,0.052083333333333336,0.05714285714285714,0.05714285714285714,0.05714285714285714
60,0.05714285714285714,0.05714285714285714,0.04861111111111111,0.04861111111111111,0.04861111111111111,0.04861111111111111,0.04861111111111111,0.05714285714285714,0.05714285714285714,0.05714285714285714
61,0.02857142857142857,0.02857142857142857,0.034722222222222224,0.034722222222222224,0.034722222222222224,0.034722222222222224,0.034722222222222224,0.02857142857142857,0.02857142857142857,0.02857142857142857
62,0.02857142857142857,0.02857142857142857,0.10416666666666667,0.10416666666666667,0.10416666666666667,0.10416666666666667,0.10416666666666667,0.02857142857142857,0.02857142857142857,0.02857142857142857
63,0.05714285714285714,0.05714285714285714,0.25,0.25,0.25,0.25,0.25,0.05714285714285714,0.05714285714285714,0.05714285714285714
64,0.02857142857142857,0.02857142857142857,0.08333333333333333,0.08333333333333333,0.08333333333333333,0.08333333333333333,0.08333333333333333,0.02857142857142857,0.02857142857142857,0.02857142857142857
65,0.02857142857142857,0.02857142857142857,0.027777777777777776,0.027777777777777776,0.027777777777777776,0.027777777777777776,0.027777777777777776,0.02857142857142857,0.02857142857142857,0.02857142857142857
66,0.02857142857142857,0.02857142857142857,0.08333333333333333,0.08333333333333333,0.08333333333333333,0.08333333333333333,0.08333333333333333,0.02857142857142857,0.02857142857142857,0.02857142857142857
67,0.02857142857142857,0.02857142857142857,0.0625,0.0625,0.0625,0.0625,0.0625,0.02857142857142857,0.02857142857142857,0.02857142857142857
68,0.02857142857142857,0.02857142857142857,0.041666666666666664,0.041666666666666664,0.041666666666666664,0.041666666666666664,0.041666666666666664,0.02857142857142857,0.02857142857142857,0.02857142857142857
69,0.05714285714285714,0.05714285714285714,0.16666666666666666,0.16666666666666666,0.16666666666666666,0.16666666666666666,0.16666666666666666,0.05714285714285714,0.05714285714285714,0.05714285714285714
70,0.05714285714285714,0.05714285714285714,0.10416666666666667,0.10416666666666667,0.10416666666666667,0.10416666666666667,0.10416666666666667,0.05714285714285714,0.05714285714285714,0.05714285714285714
71,0.05714285714285714,0.05714285714285714,0.027777777777777776,0.027777777777777776,0.027777777777777776,0.027777777777777776,0.027777777777777776,0.05714285714285714,0.05714285714285714,0.05714285714285714
72,0.02857142857142857,0.02857142857142857,0.041666666666666664,0.041666666666666664,0.041666666666666664,0.041666666666666664,0.041666666666666664,0.02857142857142857,0.02857142857142857,0.02857142857142857
73,0.05714285714285714,0.05714285714285714,0.1111111111111111,0.1111111111111111,0.1111111111111111,0.1111111111111111,0.1111111111111111,0.05714285714285714,0.05714285714285714,0.05714285714285714
74,0.02857142857142857,0.02857142857142857,0.04861111111111111,0.04861111111111111,0.04861111111111111,0.04861111111111111,0.04861111111111111,0.02857142857142857,0.02857142857142857,0.02857142857142857
75,0.02857142857142857,0.02857142857142857,0.04861111111111111,0.04861111111111111,0.04861111111111111,0.04861111111111111,0.04861111111111111,0.02857142857142857,0.02857142857142857,0.02857142857142857
76,0.02857142857142857,0.02857142857142857,0.041666666666666664,0.041666666666666664,0.041666666666666664,0.041666666666666664,0.041666666666666664,0.02857142857142857,0.02857142857142857,0.02857142857142857
77,0.05714285714285714,0.05714285714285714,0.027777777777777776,0.027777777777777776,0.027777777777777776,0.027777777777777776,0.027777777777777776,0.05714285714285714,0.05714285714285714,0.05714285714285714
78,0.02857142857142857,0.02857142857142857,0.04861111111111111,0.04861111111111111,0.04861111111111111,0.04861111111111111,0.04861111111111111,0.02857142857142857,0.02857142857142857,0.02857142857142857
79,0.02857142857142857,0.02857142857142857,0.03125,0.03125,0.03125,0.03125,0.03125,0.02857142857142857,0.02857142857142857,0.02857142857142857
80,0.05714285714285714,0.05714285714285714,0.06944444444444445,0.06944444444444445,0.06944444444444445,0.06944444444444445,0.06944444444444445,0.05714285714285714,0.05714285714285714,0.05714285714285714
81,0.08571428571428572,0.08571428571428572,0.25,0.25,0.25,0.25,0.25,0.08571428571428572,0.08571428571428572,0.08571428571428572
82,0.02857142857142857,0.02857142857142857,0.04861111111111111,0.04861111111111111,0.04861111111111111,0.04861111111111111,0.04861111111111111,0.02857142857142857,0.02857142857142857,0.02857142857142857
83,0.02857142857142857,0.02857142857142857,0.09027777777777778,0.09027777777777778,0.09027777777777778,0.09027777777777778,0.09027777777777778,0.02857142857142857,0.02857142857142857,0.02857142857142857
84,0.02857142857142857,0.02857142857142857,0.027777777777777776,0.027777777777777776,0.027777777777777776,0.027777777777777776,0.027777777777777776,0.02857142857142857,0.02857142857142857,0.02857142857142857
85,0.02857142857142857,0.02857142857142857,0.020833333333333332,0.020833333333333332,0.020833333333333332,0.020833333333333332,0.020833333333333332,0.02857142857142857,0.02857142857142857,0.02857142857142857
86,0.02857142857142857,0.02857142857142857,0.07291666666666667,0.07291666666666667,0.07291666666666667,0.07291666666666667,0.07291666666666667,0.02857142857142857,0.02857142857142857,0.02857142857142857
87,0.05714285714285714,0.05714285714285714,0.04861111111111111,0.04861111111111111,0.04861111111111111,0.04861111111111111,0.04861111111111111,0.05714285714285714,0.05714285714285714,0.05714285714285714
88,0.02857142857142857,0.02857142857142857,0.027777777777777776,0.027777777777777776,0.027777777777777776,0.027777777777777776,0.027777777777777776,0.02857142857142857,0.02857142857142857,0.02857142857142857
89,0.02857142857142857,0.02857142857142857,0.09027777777777778,0.09027777777777778,0.09027777777777778,0.09027777777777778,0.09027777777777778,0.02857142857142857,0.02857142857142857,0.02857142857142857
90,0.02857142857142857,0.02857142857142857,0.375,0.375,0.375,0.375,0.375,0.02857142857142857,0.02857142857142857,0.02857142857142857
91,0.05714285714285714,0.05714285714285714,0.1111111111111111,0.1111111111111111,0.1111111111111111,0.1111111111111111,0.1111111111111111,0.05714285714285714,0.05714285714285714,0.05714285714285714
92,0.02857142857142857,0.02857142857142857,0.25,0.25,0.25,0.25,0.25,0.02857142857142857,0.02857142857142857,0.02857142857142857
93,0.02857142857142857,0.02857142857142857,0.020833333333333332,0.020833333333333332,0.020833333333333332,0.020833333333333332,0.020833333333333332,0.02857142857142857,0.02857142857142857,0.02857142857142857
94,0.02857142857142857,0.02857142857142857,0.04861111111111111,0.04861111111111111,0.04861111111111111,0.04861111111111111,0.04861111111111111,0.02857142857142857,0.02857142857142857,0.02857142857142857
95,0.02857142857142857,0.02857142857142857,0.06944444444444445,0.06944444444444445,0.06944444444444445,0.06944444444444445,0.06944444444444445,0.02857142857142857,0.02857142857142857,0.02857142857142857
96,0.02857142857142857,0.02857142857142857,0.09027777777777778,0.09027777777777778,0.09027777777777778,0.09027777777777778,0.09027777777777778,0.02857142857142857,0.02857142857142857,0.02857142857142857
97,0.02857142857142857,0.02857142857142857,0.020833333333333332,0.020833333333333332,0.020833333333333332,0.020833333333333332,0.020833333333333332,0.02857142857142857,0.02857142857142857,0.02857142857142857
98,0.02857142857142857,0.02857142857142857,0.08333333333333333,0.08333333333333333,0.08333333333333333,0.08333333333333333,0.08333333333333333,0.02857142857142857,0.02857142857142857,0.02857142857142857
99,0.02857142857142857,0.02857142857142857,0.027777777777777776,0.027777777777777776,0.027777777777777776,0.027777777777777776,0.027777777777777776,0.02857142857142857,0.02857142857142857,0.02857142857142857
100,0.02857142857142857,0.02857142857142857,0.027777777777777776,0.027777777777777776,0.027777777777777776,0.027777777777777776,0.027777777777777776,0.02857142857142857,0.02857142857142857,0.02857142857142857
101,0.02857142857142857,0.02857142857142857,0.027777777777777776,0.027777777777777776,0.027777777777777776,0.027777777777777776,0.027777777777777776,0.02857142857142857,0.02857142857142857,0.02857142857142857
102,0.02857142857142857,0.02857142857142857,0.08333333333333333,0.08333333333333333,0.08333333333333333,0.08333333333333333,0.08333333333333333,0.02857142857142857,0.02857142857142857,0.02857142857142857
103,0.02857142857142857,0.02857142857142857,0.041666666666666664,0.041666666666666664,0.041666666666666664,0.041666666666666664,0.041666666666666664,0.02857142857142857,0.02857142857142857,0.02857142857142857
104,0.05714285714285714,0.05714285714285714,0.1111111111111111,0.1111111111111111,0.1111111111111111,0.1111111111111111,0.1111111111111111,0.05714285714285714,0.05714285714285714,0.05714285714285714
105,0.02857142857142857,0.02857142857142857,0.09027777777777778,0.09027777777777778,0.09027777777777778,0.09027777777777778,0.09027777777777778,0.02857142857142857,0.02857142857142857,0.02857142857142857
106,0.02857142857142857,0.02857142857142857,0.027777777777777776,0.027777777777777776,0.027777777777777776,0.027777777777777776,0.027777777777777776,0.02857142857142857,0.02857142857142857,0.02857142857142857
107,0.02857142857142857,0.02857142857142857,0.06944444444444445,0.06944444444444445,0.06944444444444445,0.06944444444444445,0.06944444444444445,0.02857142857142857,0.02857142857142857,0.02857142857142857
108,0.02857142857142857,0.02857142857142857,0.125,0.125,0.125,0.125,0.125,0.02857142857142857,0.02857142857142857,0.02857142857142857
109,0.05714285714285714,0.05714285714285714,0.020833333333333332,0.020833333333333332,0.020833333333333332,0.020833333333333332,0.020833333333333332,0.05714285714285714,0.05714285714285714,0.05714285714285714
110,0.02857142857142857,0.02857142857142857,0.10416666666666667,0.10416666666666667,0.10416666666666667,0.10416666666666667,0.10416666666666667,0.02857142857142857,0.02857142857142857,0.02857142857142857
111,0.05714285714285714,0.05714285714285714,0.5,0.5,0.5,0.5,0.5,0.05714285714285714,0.05714285714285714,0.05714285714285714
112,0.08571428571428572,0.08571428571428572,0.04861111111111111,0.04861111111111111,0.04861111111111111,0.04861111111111111,0.04861111111111111,0.08571428571428572,0.08571428571428572,0.08571428571428572
113,0.02857142857142857,0.02857142857142857,0.04861111111111111,0.04861111111111111,0.04861111111111111,0.04861111111111111,0.04861111111111111,0.02857142857142857,0.02857142857142857,0.02857142857142857
114,0.02857142857142857,0.02857142857142857,0.06944444444444445,0.06944444444444445,0.06944444444444445,0.06944444444444445,0.06944444444444445,0.02857142857142857,0.02857142857142857,0.02857142857142857
115,0.08571428571428572,0.08571428571428572,0.020833333333333332,0.020833333333333332,0.020833333333333332,0.020833333333333332,0.020833333333333332,0.08571428571428572,0.08571428571428572,0.08571428571428572
116,0.02857142857142857,0.02857142857142857,0.09375,0.09375,0.09375,0.09375,0.09375,0.02857142857142857,0.02857142857142857,0.02857142857142857
117,0.05714285714285714,0.05714285714285714,0.020833333333333332,0.020833333333333332,0.020833333333333332,0.020833333333333332,0.020833333333333332,0.05714285714285714,0.05714285714285714,0.05714285714285714
118,0.02857142857142857,0.02857142857142857,0.020833333333333332,0.020833333333333332,0.020833333333333332,0.020833333333333332,0.020833333333333332,0.02857142857142857,0.02857142857142857,0.02857142857142857
119,0.02857142857142857,0.02857142857142857,0.020833333333333332,0.020833333333333332,0.020833333333333332,0.020833333333333332,0.020833333333333332,0.02857142857142857,0.02857142857142857,0.02857142857142857
120,0.02857142857142857,0.02857142857142857,0.25,0.25,0.25,0.25,0.25,0.02857142857142857,0.02857142857142857,0.02857142857142857
121,0.02857142857142857,0.02857142857142857,0.020833333333333332,0.020833333333333332,0.020833333333333332,0.020833333333333332,0.020833333333333332,0.02857142857142857,0.02857142857142857,0.02857142857142857
122,0.02857142857142857,0.02857142857142857,0.05555555555555555,0.05555555555555555,0.05555555555555555,0.05555555555555555,0.05555555555555555,0.02857142857142857,0.02857142857142857,0.02857142857142857
123,0.02857142857142857,0.02857142857142857,0.04861111111111111,0.04861111111111111,0.04861111111111111,0.04861111111111111,0.04861111111111111,0.02857142857142857,0.02857142857142857,0.02857142857142857
124,0.02857142857142857,0.02857142857142857,0.10416666666666667,0.10416666666666667,0.10416666666666667,0.10416666666666667,0.10416666666666667,0.02857142857142857,0.02857142857142857,0.02857142857142857
125,0.05714285714285714,0.05714285714285714,0.25,0.25,0.25,0.25,0.25,0.05714285714285714,0.05714285714285714,0.05714285714285714
126,0.02857142857142857,0.02857142857142857,0.052083333333333336,0.052083333333333336,0.052083333333333336,0.052083333333333336,0.052083333333333336,0.02857142857142857,0.02857142857142857,0.02857142857142857
127,0.11428571428571428,0.11428571428571428,0.06944444444444445,0.06944444444444445,0.06944444444444445,0.06944444444444445,0.06944444444444445,0.11428571428571428,0.11428571428571428,0.11428571428571428
128,0.02857142857142857,0.02857142857142857,0.034722222222222224,0.034722222222222224,0.034722222222222224,0.034722222222222224,0.034722222222222224,0.02857142857142857,0.02857142857142857,0.02857142857142857
129,0.02857142857142857,0.02857142857142857,0.25,0.25,0.25,0.25,0.25,0.02857142857142857,0.02857142857142857,0.02857142857142857
130,0.02857142857142857,0.02857142857142857,0.020833333333333332,0.020833333333333332,0.020833333333333332,0.020833333333333332,0.020833333333333332,0.02857142857142857,0.02857142857142857,0.02857142857142857
131,0.02857142857142857,0.02857142857142857,0.052083333333333336,0.052083333333333336,0.052083333333333336,0.052083333333333336,0.052083333333333336,0.02857142857142857,0.02857142857142857,0.02857142857142857
132,0.05714285714285714,0.05714285714285714,0.034722222222222224,0.034722222222222224,0.034722222222222224,0.034722222222222224,0.034722222222222224,0.05714285714285714,0.05714285714285714,0.05714285714285714
133,0.02857142857142857,0.02857142857142857,0.1111111111111111,0.1111111111111111,0.1111111111111111,0.1111111111111111,0.1111111111111111,0.02857142857142857,0.02857142857142857,0.02857142857142857
134,0.02857142857142857,0.02857142857142857,0.027777777777777776,0.027777777777777776,0.027777777777777776,0.027777777777777776,0.027777777777777776,0.02857142857142857,0.02857142857142857,0.02857142857142857
135,0.02857142857142857,0.02857142857142857,0.125,0.125,0.125,0.125,0.125,0.02857142857142857,0.02857142857142857,0.02857142857142857
136,0.05714285714285714,0.05714285714285714,0.1111111111111111,0.1111111111111111,0.1111111111111111,0.1111111111111111,0.1111111111111111,0.05714285714285714,0.05714285714285714,0.05714285714285714
137,0.02857142857142857,0.02857142857142857,0.06944444444444445,0.06944444444444445,0.06944444444444445,0.06944444444444445,0.06944444444444445,0.02857142857142857,0.02857142857142857,0.02857142857142857
138,0.02857142857142857,0.02857142857142857,0.25,0.25,0.25,0.25,0.25,0.02857142857142857,0.02857142857142857,0.02857142857142857
139,0.02857142857142857,0.02857142857142857,0.020833333333333332,0.020833333333333332,0.020833333333333332,0.020833333333333332,0.020833333333333332,0.02857142857142857,0.02857142857142857,0.02857142857142857
140,0.02857142857142857,0.02857142857142857,0.041666666666666664,0.041666666666666664,0.041666666666666664,0.041666666666666664,0.041666666666666664,0.02857142857142857,0.02857142857142857,0.02857142857142857
141,0.02857142857142857,0.02857142857142857,0.034722222222222224,0.034722222222222224,0.034722222222222224,0.034722222222222224,0.034722222222222224,0.02857142857142857,0.02857142857142857,0.02857142857142857
142,0.02857142857142857,0.02857142857142857,0.0625,0.0625,0.0625,0.0625,0.0625,0.02857142857142857,0.02857142857142857,0.02857142857142857
143,0.02857142857142857,0.02857142857142857,0.09375,0.09375,0.09375,0.09375,0.09375,0.02857142857142857,0.02857142857142857,0.02857142857142857
144,0.05714285714285714,0.05714285714285714,0.020833333333333332,0.020833333333333332,0.020833333333333332,0.020833333333333332,0.020833333333333332,0.05714285714285714,0.05714285714285714,0.05714285714285714
145,0.02857142857142857,0.02857142857142857,0.1111111111111111,0.1111111111111111,0.1111111111111111,0.1111111111111111,0.1111111111111111,0.02857142857142857,0.02857142857142857,0.02857142857142857
146,0.02857142857142857,0.02857142857142857,0.020833333333333332,0.020833333333333332,0.020833333333333332,0.020833333333333332,0.020833333333333332,0.02857142857142857,0.02857142857142857,0.02857142857142857
147,0.02857142857142857,0.02857142857142857,0.04861111111111111,0.04861111111111111,0.04861111111111111,0.04861111111111111,0.04861111111111111,0.02857142857142857,0.02857142857142857,0.02857142857142857
148,0.02857142857142857,0.02857142857142857,0.07291666666666667,0.07291666666666667,0.07291666666666667,0.07291666666666667,0.07291666666666667,0.02857142857142857,0.02857142857142857,0.02857142857142857
149,0.05714285714285714,0.05714285714285714,0.08333333333333333,0.08333333333333333,0.08333333333333333,0.08333333333333333,0.08333333333333333,0.05714285714285714,0.05714285714285714,0.05714285714285714
150,0.05714285714285714,0.05714285714285714,0.25,0.25,0.25,0.25,0.25,0.05714285714285714,0.05714285714285714,0.05714285714285714
151,0.02857142857142857,0.02857142857142857,0.07291666666666667,0.07291666666666667,0.07291666666666667,0.07291666666666667,0.07291666666666667,0.02857142857142857,0.02857142857142857,0.02857142857142857
152,0.05714285714285714,0.05714285714285714,0.020833333333333332,0.020833333333333332,0.020833333333333332,0.020833333333333332,0.020833333333333332,0.05714285714285714,0.05714285714285714,0.05714285714285714
153,0.02857142857142857,0.02857142857142857,0.020833333333333332,0.020833333333333332,0.020833333333333332,0.020833333333333332,0.020833333333333332,0.02857142857142857,0.02857142857142857,0.02857142857142857
154,0.02857142857142857,0.02857142857142857,0.08333333333333333,0.08333333333333333,0.08333333333333333,0.08333333333333333,0.08333333333333333,0.02857142857142857,0.02857142857142857,0.02857142857142857
155,0.02857142857142857,0.02857142857142857,0.06944444444444445,0.06944444444444445,0.06944444444444445,0.06944444444444445,0.06944444444444445,0.02857142857142857,0.02857142857142857,0.02857142857142857
156,0.02857142857142857,0.02857142857142857,0.020833333333333332,0.020833333333333332,0.020833333333333332,0.020833333333333332,0.020833333333333332,0.02857142857142857,0.02857142857142857,0.02857142857142857
157,0.02857142857142857,0.02857142857142857,0.0625,0.0625,0.0625,0.0625,0.0625,0.02857142857142857,0.02857142857142857,0.02857142857142857
158,0.02857142857142857,0.02857142857142857,0.375,0.375,0.375,0.375,0.375,0.02857142857142857,0.02857142857142857,0.02857142857142857
159,0.05714285714285714,0.05714285714285714,0.375,0.375,0.375,0.375,0.375,0.05714285714285714,0.05714285714285714,0.05714285714285714
160,0.05714285714285714,0.05714285714285714,0.25,0.25,0.25,0.25,0.25,0.05714285714285714,0.05714285714285714,0.05714285714285714
161,0.02857142857142857,0.02857142857142857,0.027777777777777776,0.027777777777777776,0.027777777777777776,0.027777777777777776,0.027777777777777776,0.02857142857142857,0.02857142857142857,0.02857142857142857
162,0.02857142857142857,0.02857142857142857,0.034722222222222224,0.034722222222222224,0.034722222222222224,0.034722222222222224,0.034722222222222224,0.02857142857142857,0.02857142857142857,0.02857142857142857
163,0.02857142857142857,0.02857142857142857,0.06944444444444445,0.06944444444444445,0.06944444444444445,0.06944444444444445,0.06944444444444445,0.02857142857142857,0.02857142857142857,0.02857142857142857
164,0.02857142857142857,0.02857142857142857,0.09027777777777778,0.09027777777777778,0.09027777777777778,0.09027777777777778,0.09027777777777778,0.02857142857142857,0.02857142857142857,0.02857142857142857
165,0.02857142857142857,0.02857142857142857,0.04861111111111111,0.04861111111111111,0.04861111111111111,0.04861111111111111,0.04861111111111111,0.02857142857142857,0.02857142857142857,0.02857142857142857
166,0.02857142857142857,0.02857142857142857,0.06944444444444445,0.06944444444444445,0.06944444444444445,0.06944444444444445,0.06944444444444445,0.02857142857142857,0.02857142857142857,0.02857142857142857
167,0.02857142857142857,0.02857142857142857,0.04861111111111111,0.04861111111111111,0.04861111111111111,0.04861111111111111,0.04861111111111111,0.02857142857142857,0.02857142857142857,0.02857142857142857
168,0.02857142857142857,0.02857142857142857,0.020833333333333332,0.020833333333333332,0.020833333333333332,0.020833333333333332,0.020833333333333332,0.02857142857142857,0.02857142857142857,0.02857142857142857
169,0.02857142857142857,0.02857142857142857,0.25,0.25,0.25,0.25,0.25,0.02857142857142857,0.02857142857142857,0.02857142857142857
170,0.02857142857142857,0.02857142857142857,0.05555555555555555,0.05555555555555555,0.05555555555555555,0.05555555555555555,0.05555555555555555,0.02857142857142857,0.02857142857142857,0.02857142857142857
171,0.02857142857142857,0.02857142857142857,0.041666666666666664,0.041666666666666664,0.041666666666666664,0.041666666666666664,0.041666666666666664,0.02857142857142857,0.02857142857142857,0.02857142857142857
172,0.05714285714285714,0.05714285714285714,0.034722222222222224,0.034722222222222224,0.034722222222222224,0.034722222222222224,0.034722222222222224,0.05714285714285714,0.05714285714285714,0.05714285714285714
173,0.02857142857142857,0.02857142857142857,0.13541666666666666,0.13541666666666666,0.13541666666666666,0.13541666666666666,0.13541666666666666,0.02857142857142857,0.02857142857142857,0.02857142857142857
174,0.05714285714285714,0.05714285714285714,0.034722222222222224,0.034722222222222224,0.034722222222222224,0.034722222222222224,0.034722222222222224,0.05714285714285714,0.05714285714285714,0.05714285714285714
175,0.02857142857142857,0.02857142857142857,0.04861111111111111,0.04861111111111111,0.04861111111111111,0.04861111111111111,0.04861111111111111,0.02857142857142857,0.02857142857142857,0.02857142857142857
176,0.02857142857142857,0.02857142857142857,0.25,0.25,0.25,0.25,0.25,0.02857142857142857,0.02857142857142857,0.02857142857142857
177,0.02857142857142857,0.02857142857142857,0.25,0.25,0.25,0.25,0.25,0.02857142857142857,0.02857142857142857,0.02857142857142857
178,0.02857142857142857,0.02857142857142857,0.020833333333333332,0.020833333333333332,0.020833333333333332,0.020833333333333332,0.020833333333333332,0.02857142857142857,0.02857142857142857,0.02857142857142857
179,0.02857142857142857,0.02857142857142857,0.04861111111111111,0.04861111111111111,0.04861111111111111,0.04861111111111111,0.04861111111111111,0.02857142857142857,0.02857142857142857,0.02857142857142857
180,0.02857142857142857,0.02857142857142857,0.034722222222222224,0.034722222222222224,0.034722222222222224,0.034722222222222224,0.034722222222222224,0.02857142857142857,0.02857142857142857,0.02857142857142857
181,0.02857142857142857,0.02857142857142857,0.09027777777777778,0.09027777777777778,0.09027777777777778,0.09027777777777778,0.09027777777777778,0.02857142857142857,0.02857142857142857,0.02857142857142857
182,0.02857142857142857,0.02857142857142857,0.375,0.375,0.375,0.375,0.375,0.02857142857142857,0.02857142857142857,0.02857142857142857
183,0.05714285714285714,0.05714285714285714,0.0625,0.0625,0.0625,0.0625,0.0625,0.05714285714285714,0.05714285714285714,0.05714285714285714
184,0.02857142857142857,0.02857142857142857,0.020833333333333332,0.020833333333333332,0.020833333333333332,0.020833333333333332,0.020833333333333332,0.02857142857142857,0.02857142857142857,0.02857142857142857
185,0.02857142857142857,0.02857142857142857,0.020833333333333332,0.020833333333333332,0.020833333333333332,0.020833333333333332,0.020833333333333332,0.02857142857142857,0.02857142857142857,0.02857142857142857
186,0.02857142857142857,0.02857142857142857,0.034722222222222224,0.034722222222222224,0.034722222222222224,0.034722222222222224,0.034722222222222224,0.02857142857142857,0.02857142857142857,0.02857142857142857
187,0.02857142857142857,0.02857142857142857,0.08333333333333333,0.08333333333333333,0.08333333333333333,0.08333333333333333,0.08333333333333333,0.02857142857142857,0.02857142857142857,0.02857142857142857
188,0.02857142857142857,0.02857142857142857,0.020833333333333332,0.020833333333333332,0.020833333333333332,0.020833333333333332,0.020833333333333332,0.02857142857142857,0.02857142857142857,0.02857142857142857
189,0.02857142857142857,0.02857142857142857,0.020833333333333332,0.020833333333333332,0.020833333333333332,0.020833333333333332,0.020833333333333332,0.02857142857142857,0.02857142857142857,0.02857142857142857
190,0.02857142857142857,0.02857142857142857,0.020833333333333332,0.020833333333333332,0.020833333333333332,0.020833333333333332,0.020833333333333332,0.02857142857142857,0.02857142857142857,0.02857142857142857
191,0.02857142857142857,0.02857142857142857,0.08333333333333333,0.08333333333333333,0.08333333333333333,0.08333333333333333,0.08333333333333333,0.02857142857142857,0.02857142857142857,0.02857142857142857
192,0.02857142857142857,0.02857142857142857,0.25,0.25,0.25,0.25,0.25,0.02857142857142857,0.02857142857142857,0.02857142857142857
193,0.02857142857142857,0.02857142857142857,0.020833333333333332,0.020833333333333332,0.020833333333333332,0.020833333333333332,0.020833333333333332,0.02857142857142857,0.02857142857142857,0.02857142857142857
194,0.02857142857142857,0.02857142857142857,0.020833333333333332,0.020833333333333332,0.020833333333333332,0.020833333333333332,0.020833333333333332,0.02857142857142857,0.02857142857142857,0.02857142857142857
195,0.02857142857142857,0.02857142857142857,0.020833333333333332,0.020833333333333332,0.020833333333333332,0.020833333333333332,0.020833333333333332,0.02857142857142857,0.02857142857142857,0.02857142857142857
196,0.02857142857142857,0.02857142857142857,0.020833333333333332,0.020833333333333332,0.020833333333333332,0.020833333333333332,0.020833333333333332,0.02857142857142857,0.02857142857142857,0.02857142857142857
197,0.02857142857142857,0.02857142857142857,0.020833333333333332,0.020833333333333332,0.020833333333333332,0.020833333333333332,0.020833333333333332,0.02857142857142857,0.02857142857142857,0.02857142857142857
198,0.02857142857142857,0.02857142857142857,0.020833333333333332,0.020833333333333332,0.020833333333333332,0.020833333333333332,0.020833333333333332,0.02857142857142857,0.02857142857142857,0.02857142857142857
199,0.02857142857142857,0.02857142857142857,0.1111111111111111,0.1111111111111111,0.1111111111111111,0.1111111111111111,0.1111111111111111,0.02857142857142857,0.02857142857142857,0.02857142857142857
200,0.02857142857142857,0.02857142857142857,0.027777777777777776,0.027777777777777776,0.027777777777777776,0.027777777777777776,0.027777777777777776,0.02857142857142857,0.02857142857142857,0.02857142857142857
201,0.02857142857142857,0.02857142857142857,0.020833333333333332,0.020833333333333332,0.020833333333333332,0.020833333333333332,0.020833333333333332,0.02857142857142857,0.02857142857142857,0.02857142857142857
202,0.02857142857142857,0.02857142857142857,0.06944444444444445,0.06944444444444445,0.06944444444444445,0.06944444444444445,0.06944444444444445,0.02857142857142857,0.02857142857142857,0.02857142857142857
203,0.02857142857142857,0.02857142857142857,0.020833333333333332,0.020833333333333332,0.020833333333333332,0.020833333333333332,0.020833333333333332,0.02857142857142857,0.02857142857142857,0.02857142857142857
204,0.02857142857142857,0.02857142857142857,0.027777777777777776,0.027777777777777776,0.027777777777777776,0.027777777777777776,0.027777777777777776,0.02857142857142857,0.02857142857142857,0.02857142857142857
205,0.02857142857142857,0.02857142857142857,0.25,0.25,0.25,0.25,0.25,0.02857142857142857,0.02857142857142857,0.02857142857142857
206,0.02857142857142857,0.02857142857142857,0.25,0.25,0.25,0.25,0.25,0.02857142857142857,0.02857142857142857,0.02857142857142857
207,0.02857142857142857,0.02857142857142857,0.020833333333333332,0.020833333333333332,0.020833333333333332,0.020833333333333332,0.020833333333333332,0.02857142857142857,0.02857142857142857,0.02857142857142857
208,0.02857142857142857,0.02857142857142857,0.08333333333333333,0.08333333333333333,0.08333333333333333,0.08333333333333333,0.08333333333333333,0.02857142857142857,0.02857142857142857,0.02857142857142857
209,0.02857142857142857,0.02857142857142857,0.027777777777777776,0.027777777777777776,0.027777777777777776,0.027777777777777776,0.027777777777777776,0.02857142857142857,0.02857142857142857,0.02857142857142857
210,0.02857142857142857,0.02857142857142857,0.020833333333333332,0.020833333333333332,0.020833333333333332,0.020833333333333332,0.020833333333333332,0.02857142857142857,0.02857142857142857,0.02857142857142857
211,0.02857142857142857,0.02857142857142857,0.020833333333333332,0.020833333333333332,0.020833333333333332,0.020833333333333332,0.020833333333333332,0.02857142857142857,0.02857142857142857,0.02857142857142857
212,0.02857142857142857,0.02857142857142857,0.1111111111111111,0.1111111111111111,0.1111111111111111,0.1111111111111111,0.1111111111111111,0.02857142857142857,0.02857142857142857,0.02857142857142857
213,0.02857142857142857,0.02857142857142857,0.020833333333333332,0.020833333333333332,0.020833333333333332,0.020833333333333332,0.020833333333333332,0.02857142857142857,0.02857142857142857,0.02857142857142857
214,0.02857142857142857,0.02857142857142857,0.020833333333333332,0.020833333333333332,0.020833333333333332,0.020833333333333332,0.020833333333333332,0.02857142857142857,0.02857142857142857,0.02857142857142857
215,0.02857142857142857,0.02857142857142857,0.08680555555555555,0.08680555555555555,0.08680555555555555,0.08680555555555555,0.08680555555555555,0.02857142857142857,0.02857142857142857,0.02857142857142857
216,0.11428571428571428,0.11428571428571428,0.08680555555555555,0.08680555555555555,0.08680555555555555,0.08680555555555555,0.08680555555555555,0.11428571428571428,0.11428571428571428,0.11428571428571428
217,0.11428571428571428,0.11428571428571428,0.08680555555555555,0.08680555555555555,0.08680555555555555,0.08680555555555555,0.08680555555555555,0.11428571428571428,0.11428571428571428,0.11428571428571428
218,0.11428571428571428,0.11428571428571428,0.08680555555555555,0.08680555555555555,0.08680555555555555,0.08680555555555555,0.08680555555555555,0.11428571428571428,0.11428571428571428,0.11428571428571428
219,0.11428571428571428,0.11428571428571428,0.08680555555555555,0.08680555555555555,0.08680555555555555,0.08680555555555555,0.08680555555555555,0.11428571428571428,0.11428571428571428,0.11428571428571428
220,0.11428571428571428,0.11428571428571428,0.08680555555555555,0.08680555555555555,0.08680555555555555,0.08680555555555555,0.08680555555555555,0.11428571428571428,0.11428571428571428,0.11428571428571428
221,0.05714285714285714,0.05714285714285714,0.08680555555555555,0.08680555555555555,0.08680555555555555,0.08680555555555555,0.08680555555555555,0.05714285714285714,0.05714285714285714,0.05714285714285714
222,0.11428571428571428,0.11428571428571428,0.08680555555555555,0.08680555555555555,0.08680555555555555,0.08680555555555555,0.08680555555555555,0.11428571428571428,0.11428571428571428,0.11428571428571428
223,0.11428571428571428,0.11428571428571428,0.125,0.125,0.125,0.125,0.125,0.11428571428571428,0.11428571428571428,0.11428571428571428
224,0.11428571428571428,0.11428571428571428,0.125,0.125,0.125,0.125,0.125,0.11428571428571428,0.11428571428571428,0.11428571428571428
225,0.14285714285714285,0.14285714285714285,0.08680555555555555,0.08680555555555555,0.08680555555555555,0.08680555555555555,0.08680555555555555,0.14285714285714285,0.14285714285714285,0.14285714285714285
226,0.11428571428571428,0.11428571428571428,0.08680555555555555,0.08680555555555555,0.08680555555555555,0.08680555555555555,0.08680555555555555,0.11428571428571428,0.11428571428571428,0.11428571428571428
227,0.11428571428571428,0.11428571428571428,0.08680555555555555,0.08680555555555555,0.08680555555555555,0.08680555555555555,0.08680555555555555,0.11428571428571428,0.11428571428571428,0.11428571428571428
228,0.11428571428571428,0.11428571428571428,0.08680555555555555,0.08680555555555555,0.08680555555555555,0.08680555555555555,0.08680555555555555,0.11428571428571428,0.11428571428571428,0.11428571428571428
229,0.11428571428571428,0.11428571428571428,0.08680555555555555,0.08680555555555555,0.08680555555555555,0.08680555555555555,0.08680555555555555,0.11428571428571428,0.11428571428571428,0.11428571428571428
230,0.11428571428571428,0.11428571428571428,0.125,0.125,0.125,0.125,0.125,0.11428571428571428,0.11428571428571428,0.11428571428571428
231,0.05714285714285714,0.05714285714285714,0.08680555555555555,0.08680555555555555,0.08680555555555555,0.08680555555555555,0.08680555555555555,0.05714285714285714,0.05714285714285714,0.05714285714285714
232,0.05714285714285714,0.05714285714285714,0.08680555555555555,0.08680555555555555,0.08680555555555555,0.08680555555555555,0.08680555555555555,0.05714285714285714,0.05714285714285714,0.05714285714285714
233,0.14285714285714285,0.14285714285714285,0.08680555555555555,0.08680555555555555,0.08680555555555555,0.08680555555555555,0.08680555555555555,0.14285714285714285,0.14285714285714285,0.14285714285714285
234,0.11428571428571428,0.11428571428571428,0.08680555555555555,0.08680555555555555,0.08680555555555555,0.08680555555555555,0.08680555555555555,0.11428571428571428,0.11428571428571428,0.11428571428571428
235,0.05714285714285714,0.05714285714285714,0.08680555555555555,0.08680555555555555,0.08680555555555555,0.08680555555555555,0.08680555555555555,0.05714285714285714,0.05714285714285714,0.05714285714285714
236,0.05714285714285714,0.05714285714285714,0.08680555555555555,0.08680555555555555,0.08680555555555555,0.08680555555555555,0.08680555555555555,0.05714285714285714,0.05714285714285714,0.05714285714285714
237,0.11428571428571428,0.11428571428571428,0.125,0.125,0.125,0.125,0.125,0.11428571428571428,0.11428571428571428,0.11428571428571428
238,0.11428571428571428,0.11428571428571428,0.125,0.125,0.125,0.125,0.125,0.11428571428571428,0.11428571428571428,0.11428571428571428
239,0.11428571428571428,0.11428571428571428,0.125,0.125,0.125,0.125,0.125,0.11428571428571428,0.11428571428571428,0.11428571428571428
240,0.11428571428571428,0.11428571428571428,0.08680555555555555,0.08680555555555555,0.08680555555555555,0.08680555555555555,0.08680555555555555,0.11428571428571428,0.11428571428571428,0.11428571428571428
241,0.11428571428571428,0.11428571428571428,0.125,0.125,0.125,0.125,0.125,0.11428571428571428,0.11428571428571428,0.11428571428571428
242,0.14285714285714285,0.14285714285714285,0.08680555555555555,0.08680555555555555,0.08680555555555555,0.08680555555555555,0.08680555555555555,0.14285714285714285,0.14285714285714285,0.14285714285714285
243,0.14285714285714285,0.14285714285714285,0.08680555555555555,0.08680555555555555,0.08680555555555555,0.08680555555555555,0.08680555555555555,0.14285714285714285,0.14285714285714285,0.14285714285714285
244,0.11428571428571428,0.11428571428571428,0.08680555555555555,0.08680555555555555,0.08680555555555555,0.08680555555555555,0.08680555555555555,0.11428571428571428,0.11428571428571428,0.11428571428571428
245,0.14285714285714285,0.14285714285714285,0.08680555555555555,0.08680555555555555,0.08680555555555555,0.08680555555555555,0.08680555555555555,0.14285714285714285,0.14285714285714285,0.14285714285714285
246,0.11428571428571428,0.11428571428571428,0.14583333333333334,0.14583333333333334,0.14583333333333334,0.14583333333333334,0.14583333333333334,0.11428571428571428,0.11428571428571428,0.11428571428571428
247,0.11428571428571428,0.11428571428571428,0.125,0.125,0.125,0.125,0.125,0.11428571428571428,0.11428571428571428,0.11428571428571428
248,0.11428571428571428,0.11428571428571428,0.14583333333333334,0.14583333333333334,0.14583333333333334,0.14583333333333334,0.14583333333333334,0.11428571428571428,0.11428571428571428,0.11428571428571428
249,0.05714285714285714,0.05714285714285714,0.125,0.125,0.125,0.125,0.125,0.05714285714285714,0.05714285714285714,0.05714285714285714
250,0.11428571428571428,0.11428571428571428,0.1701388888888889,0.1701388888888889,0.1701388888888889,0.1701388888888889,0.1701388888888889,0.11428571428571428,0.11428571428571428,0.11428571428571428
251,0.14285714285714285,0.14285714285714285,0.08680555555555555,0.08680555555555555,0.08680555555555555,0.08680555555555555,0.08680555555555555,0.14285714285714285,0.14285714285714285,0.14285714285714285
252,0.14285714285714285,0.14285714285714285,0.08680555555555555,0.08680555555555555,0.08680555555555555,0.08680555555555555,0.08680555555555555,0.14285714285714285,0.14285714285714285,0.14285714285714285
253,0.17142857142857143,0.17142857142857143,0.08680555555555555,0.08680555555555555,0.08680555555555555,0.08680555555555555,0.08680555555555555,0.17142857142857143,0.17142857142857143,0.17142857142857143
254,0.05714285714285714,0.05714285714285714,0.08680555555555555,0.08680555555555555,0.08680555555555555,0.08680555555555555,0.08680555555555555,0.05714285714285714,0.05714285714285714,0.05714285714285714
255,0.05714285714285714,0.05714285714285714,0.08680555555555555,0.08680555555555555,0.08680555555555555,0.08680555555555555,0.08680555555555555,0.05714285714285714,0.05714285714285714,0.05714285714285714
256,0.11428571428571428,0.11428571428571428,0.2222222222222222,0.2222222222222222,0.2222222222222222,0.2222222222222222,0.2222222222222222,0.11428571428571428,0.11428571428571428,0.11428571428571428
257,0.11428571428571428,0.11428571428571428,0.16666666666666666,0.16666666666666666,0.16666666666666666,0.16666666666666666,0.16666666666666666,0.11428571428571428,0.11428571428571428,0.11428571428571428
258,0.11428571428571428,0.11428571428571428,0.08680555555555555,0.08680555555555555,0.08680555555555555,0.08680555555555555,0.08680555555555555,0.11428571428571428,0.11428571428571428,0.11428571428571428
259,0.11428571428571428,0.11428571428571428,0.08680555555555555,0.08680555555555555,0.08680555555555555,0.08680555555555555,0.08680555555555555,0.11428571428571428,0.11428571428571428,0.11428571428571428
260,0.11428571428571428,0.11428571428571428,0.08680555555555555,0.08680555555555555,0.08680555555555555,0.08680555555555555,0.08680555555555555,0.11428571428571428,0.11428571428571428,0.11428571428571428
261,0.05714285714285714,0.05714285714285714,0.28125,0.28125,0.28125,0.28125,0.28125,0.05714285714285714,0.05714285714285714,0.05714285714285714
262,0.2,0.2,0.1875,0.1875,0.1875,0.1875,0.1875,0.2,0.2,0.2
263,0.11428571428571428,0.11428571428571428,0.21875,0.21875,0.21875,0.21875,0.21875,0.11428571428571428,0.11428571428571428,0.11428571428571428
264,0.11428571428571428,0.11428571428571428,0.14583333333333334,0.14583333333333334,0.14583333333333334,0.14583333333333334,0.14583333333333334,0.11428571428571428,0.11428571428571428,0.11428571428571428
265,0.11428571428571428,0.11428571428571428,0.1701388888888889,0.1701388888888889,0.1701388888888889,0.1701388888888889,0.1701388888888889,0.11428571428571428,0.11428571428571428,0.11428571428571428
266,0.22857142857142856,0.22857142857142856,0.08680555555555555,0.08680555555555555,0.08680555555555555,0.08680555555555555,0.08680555555555555,0.22857142857142856,0.22857142857142856,0.22857142857142856
267,0.17142857142857143,0.17142857142857143,0.1701388888888889,0.1701388888888889,0.1701388888888889,0.1701388888888889,0.1701388888888889,0.17142857142857143,0.17142857142857143,0.17142857142857143
268,0.11428571428571428,0.11428571428571428,0.08680555555555555,0.08680555555555555,0.08680555555555555,0.08680555555555555,0.08680555555555555,0.11428571428571428,0.11428571428571428,0.11428571428571428
269,0.17142857142857143,0.17142857142857143,0.08680555555555555,0.08680555555555555,0.08680555555555555,0.08680555555555555,0.08680555555555555,0.17142857142857143,0.17142857142857143,0.17142857142857143
270,0.11428571428571428,0.11428571428571428,0.2222222222222222,0.2222222222222222,0.2222222222222222,0.2222222222222222,0.2222222222222222,0.11428571428571428,0.11428571428571428,0.11428571428571428
271,0.05714285714285714,0.05714285714285714,0.19444444444444445,0.19444444444444445,0.19444444444444445,0.19444444444444445,0.19444444444444445,0.05714285714285714,0.05714285714285714,0.05714285714285714
272,0.11428571428571428,0.11428571428571428,0.25,0.25,0.25,0.25,0.25,0.11428571428571428,0.11428571428571428,0.11428571428571428
273,0.2,0.2,0.2222222222222222,0.2222222222222222,0.2222222222222222,0.2222222222222222,0.2222222222222222,0.2,0.2,0.2
274,0.14285714285714285,0.14285714285714285,0.08680555555555555,0.08680555555555555,0.08680555555555555,0.08680555555555555,0.08680555555555555,0.14285714285714285,0.14285714285714285,0.14285714285714285
275,0.05714285714285714,0.05714285714285714,0.08680555555555555,0.08680555555555555,0.08680555555555555,0.08680555555555555,0.08680555555555555,0.05714285714285714,0.05714285714285714,0.05714285714285714
276,0.11428571428571428,0.11428571428571428,0.16666666666666666,0.16666666666666666,0.16666666666666666,0.16666666666666666,0.16666666666666666,0.11428571428571428,0.11428571428571428,0.11428571428571428
277,0.11428571428571428,0.11428571428571428,0.125,0.125,0.125,0.125,0.125,0.11428571428571428,0.11428571428571428,0.11428571428571428
278,0.14285714285714285,0.14285714285714285,0.08680555555555555,0.08680555555555555,0.08680555555555555,0.08680555555555555,0.08680555555555555,0.14285714285714285,0.14285714285714285,0.14285714285714285
279,0.11428571428571428,0.11428571428571428,0.125,0.125,0.125,0.125,0.125,0.11428571428571428,0.11428571428571428,0.11428571428571428
280,0.14285714285714285,0.14285714285714285,0.125,0.125,0.125,0.125,0.125,0.14285714285714285,0.14285714285714285,0.14285714285714285
281,0.17142857142857143,0.17142857142857143,0.1701388888888889,0.1701388888888889,0.1701388888888889,0.1701388888888889,0.1701388888888889,0.17142857142857143,0.17142857142857143,0.17142857142857143
282,0.05714285714285714,0.05714285714285714,0.21875,0.21875,0.21875,0.21875,0.21875,0.05714285714285714,0.05714285714285714,0.05714285714285714
283,0.11428571428571428,0.11428571428571428,0.1701388888888889,0.1701388888888889,0.1701388888888889,0.1701388888888889,0.1701388888888889,0.11428571428571428,0.11428571428571428,0.11428571428571428
284,0.05714285714285714,0.05714285714285714,0.08680555555555555,0.08680555555555555,0.08680555555555555,0.08680555555555555,0.08680555555555555,0.05714285714285714,0.05714285714285714,0.05714285714285714
285,0.05714285714285714,0.05714285714285714,0.041666666666666664,0.041666666666666664,0.041666666666666664,0.041666666666666664,0.041666666666666664,0.05714285714285714,0.05714285714285714,0.05714285714285714
286,0.02857142857142857,0.02857142857142857,0.041666666666666664,0.041666666666666664,0.041666666666666664,0.041666666666666664,0.041666666666666664,0.02857142857142857,0.02857142857142857,0.02857142857142857
287,0.02857142857142857,0.02857142857142857,0.020833333333333332,0.020833333333333332,0.020833333333333332,0.020833333333333332,0.020833333333333332,0.02857142857142857,0.02857142857142857,0.02857142857142857
288,0.02857142857142857,0.02857142857142857,0.020833333333333332,0.020833333333333332,0.020833333333333332,0.020833333333333332,0.020833333333333332,0.02857142857142857,0.02857142857142857,0.02857142857142857
289,0.02857142857142857,0.02857142857142857,0.034722222222222224,0.034722222222222224,0.034722222222222224,0.034722222222222224,0.034722222222222224,0.02857142857142857,0.02857142857142857,0.02857142857142857
290,0.02857142857142857,0.02857142857142857,0.034722222222222224,0.034722222222222224,0.034722222222222224,0.034722222222222224,0.034722222222222224,0.02857142857142857,0.02857142857142857,0.02857142857142857
291,0.02857142857142857,0.02857142857142857,0.020833333333333332,0.020833333333333332,0.020833333333333332,0.020833333333333332,0.020833333333333332,0.02857142857142857,0.02857142857142857,0.02857142857142857
292,0.02857142857142857,0.02857142857142857,0.020833333333333332,0.020833333333333332,0.020833333333333332,0.020833333333333332,0.020833333333333332,0.02857142857142857,0.02857142857142857,0.02857142857142857
293,0.02857142857142857,0.02857142857142857,0.020833333333333332,0.020833333333333332,0.020833333333333332,0.020833333333333332,0.020833333333333332,0.02857142857142857,0.02857142857142857,0.02857142857142857
294,0.02857142857142857,0.02857142857142857,0.020833333333333332,0.020833333333333332,0.020833333333333332,0.020833333333333332,0.020833333333333332,0.02857142857142857,0.02857142857142857,0.02857142857142857
295,0.02857142857142857,0.02857142857142857,0.034722222222222224,0.034722222222222224,0.034722222222222224,0.034722222222222224,0.034722222222222224,0.02857142857142857,0.02857142857142857,0.02857142857142857
296,0.0,0.0,0.034722222222222224,0.034722222222222224,0.034722222222222224,0.034722222222222224,0.034722222222222224,0.0,0.0,0.0
297,0.0,0.0,0.034722222222222224,0.034722222222222224,0.034722222222222224,0.034722222222222224,0.034722222222222224,0.0,0.0,0.0
298,0.0,0.0,0.034722222222222224,0.034722222222222224,0.034722222222222224,0.034722222222222224,0.034722222222222224,0.0,0.0,0.0
299,0.0,0.0,0.034722222222222224,0.034722222222222224,0.034722222222222224,0.034722222222222224,0.034722222222222224,0.0,0.0,0.0
300,0.0,0.0,0.034722222222222224,0.034722222222222224,0.034722222222222224,0.034722222222222224,0.034722222222222224,0.0,0.0,0.0
301,0.0,0.0,0.034722222222222224,0.034722222222222224,0.034722222222222224,0.034722222222222224,0.034722222222222224,0.0,0.0,0.0
302,0.02857142857142857,0.02857142857142857,0.034722222222222224,0.034722222222222224,0.034722222222222224,0.034722222222222224,0.034722222222222224,0.02857142857142857,0.02857142857142857,0.02857142857142857
303,0.02857142857142857,0.02857142857142857,0.034722222222222224,0.034722222222222224,0.034722222222222224,0.034722222222222224,0.034722222222222224,0.02857142857142857,0.02857142857142857,0.02857142857142857
304,0.02857142857142857,0.02857142857142857,0.034722222222222224,0.034722222222222224,0.034722222222222224,0.034722222222222224,0.034722222222222224,0.02857142857142857,0.02857142857142857,0.02857142857142857
305,0.02857142857142857,0.02857142857142857,0.020833333333333332,0.020833333333333332,0.020833333333333332,0.020833333333333332,0.020833333333333332,0.02857142857142857,0.02857142857142857,0.02857142857142857
306,0.02857142857142857,0.02857142857142857,0.020833333333333332,0.020833333333333332,0.020833333333333332,0.020833333333333332,0.020833333333333332,0.02857142857142857,0.02857142857142857,0.02857142857142857
307,0.02857142857142857,0.02857142857142857,0.034722222222222224,0.034722222222222224,0.034722222222222224,0.034722222222222224,0.034722222222222224,0.02857142857142857,0.02857142857142857,0.02857142857142857
308,0.02857142857142857,0.02857142857142857,0.034722222222222224,0.034722222222222224,0.034722222222222224,0.034722222222222224,0.034722222222222224,0.02857142857142857,0.02857142857142857,0.02857142857142857
309,0.02857142857142857,0.02857142857142857,0.034722222222222224,0.034722222222222224,0.034722222222222224,0.034722222222222224,0.034722222222222224,0.02857142857142857,0.02857142857142857,0.02857142857142857
310,0.02857142857142857,0.02857142857142857,0.034722222222222224,0.034722222222222224,0.034722222222222224,0.034722222222222224,0.034722222222222224,0.02857142857142857,0.02857142857142857,0.02857142857142857
311,0.02857142857142857,0.02857142857142857,0.034722222222222224,0.034722222222222224,0.034722222222222224,0.034722222222222224,0.034722222222222224,0.02857142857142857,0.02857142857142857,0.02857142857142857
312,0.02857142857142857,0.02857142857142857,0.034722222222222224,0.034722222222222224,0.034722222222222224,0.034722222222222224,0.034722222222222224,0.02857142857142857,0.02857142857142857,0.02857142857142857
313,0.02857142857142857,0.02857142857142857,0.041666666666666664,0.041666666666666664,0.041666666666666664,0.041666666666666664,0.041666666666666664,0.02857142857142857,0.02857142857142857,0.02857142857142857
314,0.02857142857142857,0.02857142857142857,0.041666666666666664,0.041666666666666664,0.041666666666666664,0.041666666666666664,0.041666666666666664,0.02857142857142857,0.02857142857142857,0.02857142857142857
315,0.02857142857142857,0.02857142857142857,0.034722222222222224,0.034722222222222224,0.034722222222222224,0.034722222222222224,0.034722222222222224,0.02857142857142857,0.02857142857142857,0.02857142857142857
316,0.02857142857142857,0.02857142857142857,0.034722222222222224,0.034722222222222224,0.034722222222222224,0.034722222222222224,0.034722222222222224,0.02857142857142857,0.02857142857142857,0.02857142857142857
317,0.02857142857142857,0.02857142857142857,0.034722222222222224,0.034722222222222224,0.034722222222222224,0.034722222222222224,0.034722222222222224,0.02857142857142857,0.02857142857142857,0.02857142857142857
318,0.02857142857142857,0.02857142857142857,0.034722222222222224,0.034722222222222224,0.034722222222222224,0.034722222222222224,0.034722222222222224,0.02857142857142857,0.02857142857142857,0.02857142857142857
319,0.02857142857142857,0.02857142857142857,0.034722222222222224,0.034722222222222224,0.034722222222222224,0.034722222222222224,0.034722222222222224,0.02857142857142857,0.02857142857142857,0.02857142857142857
320,0.02857142857142857,0.02857142857142857,0.034722222222222224,0.034722222222222224,0.034722222222222224,0.034722222222222224,0.034722222222222224,0.02857142857142857,0.02857142857142857,0.02857142857142857
321,0.02857142857142857,0.02857142857142857,0.034722222222222224,0.034722222222222224,0.034722222222222224,0.034722222222222224,0.034722222222222224,0.02857142857142857,0.02857142857142857,0.02857142857142857
322,0.02857142857142857,0.02857142857142857,0.034722222222222224,0.034722222222222224,0.034722222222222224,0.034722222222222224,0.034722222222222224,0.02857142857142857,0.02857142857142857,0.02857142857142857
323,0.02857142857142857,0.02857142857142857,0.034722222222222224,0.034722222222222224,0.034722222222222224,0.034722222222222224,0.034722222222222224,0.02857142857142857,0.02857142857142857,0.02857142857142857
324,0.02857142857142857,0.02857142857142857,0.034722222222222224,0.034722222222222224,0.034722222222222224,0.034722222222222224,0.034722222222222224,0.02857142857142857,0.02857142857142857,0.02857142857142857
325,0.02857142857142857,0.02857142857142857,0.020833333333333332,0.020833333333333332,0.020833333333333332,0.020833333333333332,0.020833333333333332,0.02857142857142857,0.02857142857142857,0.02857142857142857
326,0.02857142857142857,0.02857142857142857,0.020833333333333332,0.020833333333333332,0.020833333333333332,0.020833333333333332,0.020833333333333332,0.02857142857142857,0.02857142857142857,0.02857142857142857
327,0.02857142857142857,0.02857142857142857,0.020833333333333332,0.020833333333333332,0.020833333333333332,0.020833333333333332,0.020833333333333332,0.02857142857142857,0.02857142857142857,0.02857142857142857
328,0.02857142857142857,0.02857142857142857,0.020833333333333332,0.020833333333333332,0.020833333333333332,0.020833333333333332,0.020833333333333332,0.02857142857142857,0.02857142857142857,0.02857142857142857
329,0.02857142857142857,0.02857142857142857,0.041666666666666664,0.041666666666666664,0.041666666666666664,0.041666666666666664,0.041666666666666664,0.02857142857142857,0.02857142857142857,0.02857142857142857
330,0.02857142857142857,0.02857142857142857,0.041666666666666664,0.041666666666666664,0.041666666666666664,0.041666666666666664,0.041666666666666664,0.02857142857142857,0.02857142857142857,0.02857142857142857
331,0.02857142857142857,0.02857142857142857,0.034722222222222224,0.034722222222222224,0.034722222222222224,0.034722222222222224,0.034722222222222224,0.02857142857142857,0.02857142857142857,0.02857142857142857
332,0.02857142857142857,0.02857142857142857,0.034722222222222224,0.034722222222222224,0.034722222222222224,0.034722222222222224,0.034722222222222224,0.02857142857142857,0.02857142857142857,0.02857142857142857
333,0.02857142857142857,0.02857142857142857,0.020833333333333332,0.020833333333333332,0.020833333333333332,0.020833333333333332,0.020833333333333332,0.02857142857142857,0.02857142857142857,0.02857142857142857
334,0.02857142857142857,0.02857142857142857,0.020833333333333332,0.020833333333333332,0.020833333333333332,0.020833333333333332,0.020833333333333332,0.02857142857142857,0.02857142857142857,0.02857142857142857
335,0.02857142857142857,0.02857142857142857,0.020833333333333332,0.020833333333333332,0.020833333333333332,0.020833333333333332,0.020833333333333332,0.02857142857142857,0.02857142857142857,0.02857142857142857
336,0.02857142857142857,0.02857142857142857,0.020833333333333332,0.020833333333333332,0.020833333333333332,0.020833333333333332,0.020833333333333332,0.02857142857142857,0.02857142857142857,0.02857142857142857
337,0.02857142857142857,0.02857142857142857,0.034722222222222224,0.034722222222222224,0.034722222222222224,0.034722222222222224,0.034722222222222224,0.02857142857142857,0.02857142857142857,0.02857142857142857
338,0.02857142857142857,0.02857142857142857,0.034722222222222224,0.034722222222222224,0.034722222222222224,0.034722222222222224,0.034722222222222224,0.02857142857142857,0.02857142857142857,0.02857142857142857
339,0.02857142857142857,0.02857142857142857,0.034722222222222224,0.034722222222222224,0.034722222222222224,0.034722222222222224,0.034722222222222224,0.02857142857142857,0.02857142857142857,0.02857142857142857
340,0.02857142857142857,0.02857142857142857,0.034722222222222224,0.034722222222222224,0.034722222222222224,0.034722222222222224,0.034722222222222224,0.02857142857142857,0.02857142857142857,0.02857142857142857
341,0.02857142857142857,0.02857142857142857,0.034722222222222224,0.034722222222222224,0.034722222222222224,0.034722222222222224,0.034722222222222224,0.02857142857142857,0.02857142857142857,0.02857142857142857
342,0.02857142857142857,0.02857142857142857,0.034722222222222224,0.034722222222222224,0.034722222222222224,0.034722222222222224,0.034722222222222224,0.02857142857142857,0.02857142857142857,0.02857142857142857
343,0.02857142857142857,0.02857142857142857,0.034722222222222224,0.034722222222222224,0.034722222222222224,0.034722222222222224,0.034722222222222224,0.02857142857142857,0.02857142857142857,0.02857142857142857
344,0.02857142857142857,0.02857142857142857,0.034722222222222224,0.034722222222222224,0.034722222222222224,0.034722222222222224,0.034722222222222224,0.02857142857142857,0.02857142857142857,0.02857142857142857
345,0.02857142857142857,0.02857142857142857,0.034722222222222224,0.034722222222222224,0.034722222222222224,0.034722222222222224,0.034722222222222224,0.02857142857142857,0.02857142857142857,0.02857142857142857
346,0.02857142857142857,0.02857142857142857,0.034722222222222224,0.034722222222222224,0.034722222222222224,0.034722222222222224,0.034722222222222224,0.02857142857142857,0.02857142857142857,0.02857142857142857
347,0.02857142857142857,0.02857142857142857,0.041666666666666664,0.041666666666666664,0.041666666666666664,0.041666666666666664,0.041666666666666664,0.02857142857142857,0.02857142857142857,0.02857142857142857
348,0.02857142857142857,0.02857142857142857,0.041666666666666664,0.041666666666666664,0.041666666666666664,0.041666666666666664,0.041666666666666664,0.02857142857142857,0.02857142857142857,0.02857142857142857
349,0.02857142857142857,0.02857142857142857,0.041666666666666664,0.041666666666666664,0.041666666666666664,0.041666666666666664,0.041666666666666664,0.02857142857142857,0.02857142857142857,0.02857142857142857
350,0.02857142857142857,0.02857142857142857,0.041666666666666664,0.041666666666666664,0.041666666666666664,0.041666666666666664,0.041666666666666664,0.02857142857142857,0.02857142857142857,0.02857142857142857
351,0.02857142857142857,0.02857142857142857,0.034722222222222224,0.034722222222222224,0.034722222222222224,0.034722222222222224,0.034722222222222224,0.02857142857142857,0.02857142857142857,0.02857142857142857
352,0.02857142857142857,0.02857142857142857,0.034722222222222224,0.034722222222222224,0.034722222222222224,0.034722222222222224,0.034722222222222224,0.02857142857142857,0.02857142857142857,0.02857142857142857
353,0.02857142857142857,0.02857142857142857,0.041666666666666664,0.041666666666666664,0.041666666666666664,0.041666666666666664,0.041666666666666664,0.02857142857142857,0.02857142857142857,0.02857142857142857
354,0.02857142857142857,0.02857142857142857,0.041666666666666664,0.041666666666666664,0.041666666666666664,0.041666666666666664,0.041666666666666664,0.02857142857142857,0.02857142857142857,0.02857142857142857
355,0.02857142857142857,0.02857142857142857,0.034722222222222224,0.034722222222222224,0.034722222222222224,0.034722222222222224,0.034722222222222224,0.02857142857142857,0.02857142857142857,0.02857142857142857
356,0.02857142857142857,0.02857142857142857,0.034722222222222224,0.034722222222222224,0.034722222222222224,0.034722222222222224,0.034722222222222224,0.02857142857142857,0.02857142857142857,0.02857142857142857
357,0.02857142857142857,0.02857142857142857,0.034722222222222224,0.034722222222222224,0.034722222222222224,0.034722222222222224,0.034722222222222224,0.02857142857142857,0.02857142857142857,0.02857142857142857
358,0.02857142857142857,0.02857142857142857,0.034722222222222224,0.034722222222222224,0.034722222222222224,0.034722222222222224,0.034722222222222224,0.02857142857142857,0.02857142857142857,0.02857142857142857
359,0.02857142857142857,0.02857142857142857,0.034722222222222224,0.034722222222222224,0.034722222222222224,0.034722222222222224,0.034722222222222224,0.02857142857142857,0.02857142857142857,0.02857142857142857
360,0.02857142857142857,0.02857142857142857,0.034722222222222224,0.034722222222222224,0.034722222222222224,0.034722222222222224,0.034722222222222224,0.02857142857142857,0.02857142857142857,0.02857142857142857
361,0.02857142857142857,0.02857142857142857,0.020833333333333332,0.020833333333333332,0.020833333333333332,0.020833333333333332,0.020833333333333332,0.02857142857142857,0.02857142857142857,0.02857142857142857
362,0.02857142857142857,0.02857142857142857,0.020833333333333332,0.020833333333333332,0.020833333333333332,0.020833333333333332,0.020833333333333332,0.02857142857142857,0.02857142857142857,0.02857142857142857
363,0.02857142857142857,0.02857142857142857,0.034722222222222224,0.034722222222222224,0.034722222222222224,0.034722222222222224,0.034722222222222224,0.02857142857142857,0.02857142857142857,0.02857142857142857
364,0.02857142857142857,0.02857142857142857,0.034722222222222224,0.034722222222222224,0.034722222222222224,0.034722222222222224,0.034722222222222224,0.02857142857142857,0.02857142857142857,0.02857142857142857
365,0.02857142857142857,0.02857142857142857,0.041666666666666664,0.041666666666666664,0.041666666666666664,0.041666666666666664,0.041666666666666664,0.02857142857142857,0.02857142857142857,0.02857142857142857
366,0.02857142857142857,0.02857142857142857,0.041666666666666664,0.041666666666666664,0.041666666666666664,0.041666666666666664,0.041666666666666664,0.02857142857142857,0.02857142857142857,0.02857142857142857
367,0.02857142857142857,0.02857142857142857,0.041666666666666664,0.041666666666666664,0.041666666666666664,0.041666666666666664,0.041666666666666664,0.02857142857142857,0.02857142857142857,0.02857142857142857
368,0.02857142857142857,0.02857142857142857,0.041666666666666664,0.041666666666666664,0.041666666666666664,0.041666666666666664,0.041666666666666664,0.02857142857142857,0.02857142857142857,0.02857142857142857
369,0.02857142857142857,0.02857142857142857,0.04861111111111111,0.04861111111111111,0.04861111111111111,0.04861111111111111,0.04861111111111111,0.02857142857142857,0.02857142857142857,0.02857142857142857
370,0.02857142857142857,0.02857142857142857,0.04861111111111111,0.04861111111111111,0.04861111111111111,0.04861111111111111,0.04861111111111111,0.02857142857142857,0.02857142857142857,0.02857142857142857
371,0.02857142857142857,0.02857142857142857,0.020833333333333332,0.020833333333333332,0.020833333333333332,0.020833333333333332,0.020833333333333332,0.02857142857142857,0.02857142857142857,0.02857142857142857
372,0.02857142857142857,0.02857142857142857,0.020833333333333332,0.020833333333333332,0.020833333333333332,0.020833333333333332,0.020833333333333332,0.02857142857142857,0.02857142857142857,0.02857142857142857
373,0.02857142857142857,0.02857142857142857,0.020833333333333332,0.020833333333333332,0.020833333333333332,0.020833333333333332,0.020833333333333332,0.02857142857142857,0.02857142857142857,0.02857142857142857
374,0.02857142857142857,0.02857142857142857,0.020833333333333332,0.020833333333333332,0.020833333333333332,0.020833333333333332,0.020833333333333332,0.02857142857142857,0.02857142857142857,0.02857142857142857
375,0.02857142857142857,0.02857142857142857,0.034722222222222224,0.034722222222222224,0.034722222222222224,0.034722222222222224,0.034722222222222224,0.02857142857142857,0.02857142857142857,0.02857142857142857
376,0.02857142857142857,0.02857142857142857,0.034722222222222224,0.034722222222222224,0.034722222222222224,0.034722222222222224,0.034722222222222224,0.02857142857142857,0.02857142857142857,0.02857142857142857
377,0.02857142857142857,0.02857142857142857,0.034722222222222224,0.034722222222222224,0.034722222222222224,0.034722222222222224,0.034722222222222224,0.02857142857142857,0.02857142857142857,0.02857142857142857
378,0.02857142857142857,0.02857142857142857,0.034722222222222224,0.034722222222222224,0.034722222222222224,0.034722222222222224,0.034722222222222224,0.02857142857142857,0.02857142857142857,0.02857142857142857
379,0.02857142857142857,0.02857142857142857,0.034722222222222224,0.034722222222222224,0.034722222222222224,0.034722222222222224,0.034722222222222224,0.02857142857142857,0.02857142857142857,0.02857142857142857
380,0.02857142857142857,0.02857142857142857,0.034722222222222224,0.034722222222222224,0.034722222222222224,0.034722222222222224,0.034722222222222224,0.02857142857142857,0.02857142857142857,0.02857142857142857
381,0.02857142857142857,0.02857142857142857,0.034722222222222224,0.034722222222222224,0.034722222222222224,0.034722222222222224,0.034722222222222224,0.02857142857142857,0.02857142857142857,0.02857142857142857
382,0.02857142857142857,0.02857142857142857,0.034722222222222224,0.034722222222222224,0.034722222222222224,0.034722222222222224,0.034722222222222224,0.02857142857142857,0.02857142857142857,0.02857142857142857
383,0.02857142857142857,0.02857142857142857,0.034722222222222224,0.034722222222222224,0.034722222222222224,0.034722222222222224,0.034722222222222224,0.02857142857142857,0.02857142857142857,0.02857142857142857
384,0.02857142857142857,0.02857142857142857,0.034722222222222224,0.034722222222222224,0.034722222222222224,0.034722222222222224,0.034722222222222224,0.02857142857142857,0.02857142857142857,0.02857142857142857
385,0.02857142857142857,0.02857142857142857,0.020833333333333332,0.020833333333333332,0.020833333333333332,0.020833333333333332,0.020833333333333332,0.02857142857142857,0.02857142857142857,0.02857142857142857
386,0.02857142857142857,0.02857142857142857,0.020833333333333332,0.020833333333333332,0.020833333333333332,0.020833333333333332,0.020833333333333332,0.02857142857142857,0.02857142857142857,0.02857142857142857
387,0.02857142857142857,0.02857142857142857,0.05555555555555555,0.05555555555555555,0.05555555555555555,0.05555555555555555,0.05555555555555555,0.02857142857142857,0.02857142857142857,0.02857142857142857
388,0.02857142857142857,0.02857142857142857,0.05555555555555555,0.05555555555555555,0.05555555555555555,0.05555555555555555,0.05555555555555555,0.02857142857142857,0.02857142857142857,0.02857142857142857
389,0.02857142857142857,0.02857142857142857,0.034722222222222224,0.034722222222222224,0.034722222222222224,0.034722222222222224,0.034722222222222224,0.02857142857142857,0.02857142857142857,0.02857142857142857
390,0.02857142857142857,0.02857142857142857,0.034722222222222224,0.034722222222222224,0.034722222222222224,0.034722222222222224,0.034722222222222224,0.02857142857142857,0.02857142857142857,0.02857142857142857
391,0.02857142857142857,0.02857142857142857,0.034722222222222224,0.034722222222222224,0.034722222222222224,0.034722222222222224,0.034722222222222224,0.02857142857142857,0.02857142857142857,0.02857142857142857
392,0.02857142857142857,0.02857142857142857,0.034722222222222224,0.034722222222222224,0.034722222222222224,0.034722222222222224,0.034722222222222224,0.02857142857142857,0.02857142857142857,0.02857142857142857
393,0.02857142857142857,0.02857142857142857,0.034722222222222224,0.034722222222222224,0.034722222222222224,0.034722222222222224,0.034722222222222224,0.02857142857142857,0.02857142857142857,0.02857142857142857
394,0.02857142857142857,0.02857142857142857,0.034722222222222224,0.034722222222222224,0.034722222222222224,0.034722222222222224,0.034722222222222224,0.02857142857142857,0.02857142857142857,0.02857142857142857
395,0.02857142857142857,0.02857142857142857,0.0625,0.0625,0.0625,0.0625,0.0625,0.02857142857142857,0.02857142857142857,0.02857142857142857
396,0.02857142857142857,0.02857142857142857,0.0625,0.0625,0.0625,0.0625,0.0625,0.02857142857142857,0.02857142857142857,0.02857142857142857
397,0.02857142857142857,0.02857142857142857,0.04861111111111111,0.04861111111111111,0.04861111111111111,0.04861111111111111,0.04861111111111111,0.02857142857142857,0.02857142857142857,0.02857142857142857
398,0.02857142857142857,0.02857142857142857,0.04861111111111111,0.04861111111111111,0.04861111111111111,0.04861111111111111,0.04861111111111111,0.02857142857142857,0.02857142857142857,0.02857142857142857
399,0.02857142857142857,0.02857142857142857,0.034722222222222224,0.034722222222222224,0.034722222222222224,0.034722222222222224,0.034722222222222224,0.02857142857142857,0.02857142857142857,0.02857142857142857
400,0.02857142857142857,0.02857142857142857,0.034722222222222224,0.034722222222222224,0.034722222222222224,0.034722222222222224,0.034722222222222224,0.02857142857142857,0.02857142857142857,0.02857142857142857
401,0.02857142857142857,0.02857142857142857,0.04861111111111111,0.04861111111111111,0.04861111111111111,0.04861111111111111,0.04861111111111111,0.02857142857142857,0.02857142857142857,0.02857142857142857
402,0.02857142857142857,0.02857142857142857,0.04861111111111111,0.04861111111111111,0.04861111111111111,0.04861111111111111,0.04861111111111111,0.02857142857142857,0.02857142857142857,0.02857142857142857
403,0.02857142857142857,0.02857142857142857,0.034722222222222224,0.034722222222222224,0.034722222222222224,0.034722222222222224,0.034722222222222224,0.02857142857142857,0.02857142857142857,0.02857142857142857
404,0.02857142857142857,0.02857142857142857,0.034722222222222224,0.034722222222222224,0.034722222222222224,0.034722222222222224,0.034722222222222224,0.02857142857142857,0.02857142857142857,0.02857142857142857
405,0.02857142857142857,0.02857142857142857,0.020833333333333332,0.020833333333333332,0.020833333333333332,0.020833333333333332,0.020833333333333332,0.02857142857142857,0.02857142857142857,0.02857142857142857
406,0.02857142857142857,0.02857142857142857,0.020833333333333332,0.020833333333333332,0.020833333333333332,0.020833333333333332,0.020833333333333332,0.02857142857142857,0.02857142857142857,0.02857142857142857
407,0.02857142857142857,0.02857142857142857,0.034722222222222224,0.034722222222222224,0.034722222222222224,0.034722222222222224,0.034722222222222224,0.02857142857142857,0.02857142857142857,0.02857142857142857
408,0.02857142857142857,0.02857142857142857,0.034722222222222224,0.034722222222222224,0.034722222222222224,0.034722222222222224,0.034722222222222224,0.02857142857142857,0.02857142857142857,0.02857142857142857
409,0.02857142857142857,0.02857142857142857,0.05555555555555555,0.05555555555555555,0.05555555555555555,0.05555555555555555,0.05555555555555555,0.02857142857142857,0.02857142857142857,0.02857142857142857
410,0.02857142857142857,0.02857142857142857,0.05555555555555555,0.05555555555555555,0.05555555555555555,0.05555555555555555,0.05555555555555555,0.02857142857142857,0.02857142857142857,0.02857142857142857
411,0.02857142857142857,0.02857142857142857,0.04861111111111111,0.04861111111111111,0.04861111111111111,0.04861111111111111,0.04861111111111111,0.02857142857142857,0.02857142857142857,0.02857142857142857
412,0.02857142857142857,0.02857142857142857,0.04861111111111111,0.04861111111111111,0.04861111111111111,0.04861111111111111,0.04861111111111111,0.02857142857142857,0.02857142857142857,0.02857142857142857
413,0.02857142857142857,0.02857142857142857,0.041666666666666664,0.041666666666666664,0.041666666666666664,0.041666666666666664,0.041666666666666664,0.02857142857142857,0.02857142857142857,0.02857142857142857
414,0.02857142857142857,0.02857142857142857,0.041666666666666664,0.041666666666666664,0.041666666666666664,0.041666666666666664,0.041666666666666664,0.02857142857142857,0.02857142857142857,0.02857142857142857
415,0.02857142857142857,0.02857142857142857,0.020833333333333332,0.020833333333333332,0.020833333333333332,0.020833333333333332,0.020833333333333332,0.02857142857142857,0.02857142857142857,0.02857142857142857
416,0.02857142857142857,0.02857142857142857,0.020833333333333332,0.020833333333333332,0.020833333333333332,0.020833333333333332,0.020833333333333332,0.02857142857142857,0.02857142857142857,0.02857142857142857
417,0.02857142857142857,0.02857142857142857,0.034722222222222224,0.034722222222222224,0.034722222222222224,0.034722222222222224,0.034722222222222224,0.02857142857142857,0.02857142857142857,0.02857142857142857
418,0.02857142857142857,0.02857142857142857,0.034722222222222224,0.034722222222222224,0.034722222222222224,0.034722222222222224,0.034722222222222224,0.02857142857142857,0.02857142857142857,0.02857142857142857
419,0.02857142857142857,0.02857142857142857,0.034722222222222224,0.034722222222222224,0.034722222222222224,0.034722222222222224,0.034722222222222224,0.02857142857142857,0.02857142857142857,0.02857142857142857
420,0.02857142857142857,0.02857142857142857,0.034722222222222224,0.034722222222222224,0.034722222222222224,0.034722222222222224,0.034722222222222224,0.02857142857142857,0.02857142857142857,0.02857142857142857
421,0.02857142857142857,0.02857142857142857,0.041666666666666664,0.041666666666666664,0.041666666666666664,0.041666666666666664,0.041666666666666664,0.02857142857142857,0.02857142857142857,0.02857142857142857
422,0.02857142857142857,0.02857142857142857,0.041666666666666664,0.041666666666666664,0.041666666666666664,0.041666666666666664,0.041666666666666664,0.02857142857142857,0.02857142857142857,0.02857142857142857
423,0.02857142857142857,0.02857142857142857,0.034722222222222224,0.034722222222222224,0.034722222222222224,0.034722222222222224,0.034722222222222224,0.02857142857142857,0.02857142857142857,0.02857142857142857
424,0.02857142857142857,0.02857142857142857,0.034722222222222224,0.034722222222222224,0.034722222222222224,0.034722222222222224,0.034722222222222224,0.02857142857142857,0.02857142857142857,0.02857142857142857
425,0.02857142857142857,0.02857142857142857,8.037952891308969e-21,8.037952891308969e-21,8.037952891308969e-21,8.037952891308969e-21,8.037952891308969e-21,0.02857142857142857,0.02857142857142857,0.02857142857142857
426,0.02857142857142857,0.02857142857142857,8.037952891308969e-21,8.037952891308969e-21,8.037952891308969e-21,8.037952891308969e-21,8.037952891308969e-21,0.02857142857142857,0.02857142857142857,0.02857142857142857
427,0.02857142857142857,0.02857142857142857,8.037952891308969e-21,8.037952891308969e-21,8.037952891308969e-21,8.037952891308969e-21,8.037952891308969e-21,0.02857142857142857,0.02857142857142857,0.02857142857142857
428,0.02857142857142857,0.02857142857142857,8.549495471234665e-14,8.549495471234665e-14,8.549495471234665e-14,8.549495471234665e-14,8.549495471234665e-14,0.02857142857142857,0.02857142857142857,0.02857142857142857
429,0.02857142857142857,0.02857142857142857,8.549495471234665e-14,8.549495471234665e-14,8.549495471234665e-14,8.549495471234665e-14,8.549495471234665e-14,0.02857142857142857,0.02857142857142857,0.02857142857142857
430,0.02857142857142857,0.02857142857142857,8.037952891308969e-21,8.037952891308969e-21,8.037952891308969e-21,8.037952891308969e-21,8.037952891308969e-21,0.02857142857142857,0.02857142857142857,0.02857142857142857
431,0.02857142857142857,0.02857142857142857,8.037952891308969e-21,8.037952891308969e-21,8.037952891308969e-21,8.037952891308969e-21,8.037952891308969e-21,0.02857142857142857,0.02857142857142857,0.02857142857142857
